temperature_2m_max (Â°F),time
53.1,2014-10-28
50.2,2014-10-29
49,2014-10-30
57.5,2014-10-31
61.8,2014-11-01
61.8,2014-11-02
62.5,2014-11-03
58.7,2014-11-04
55.1,2014-11-05
51.2,2014-11-06
51.2,2014-11-07
54.1,2014-11-08
48.3,2014-11-09
51.2,2014-11-10
52.9,2014-11-11
58.2,2014-11-12
54.2,2014-11-13
54.5,2014-11-14
54.5,2014-11-15
53.1,2014-11-16
52.1,2014-11-17
47.3,2014-11-18
41.2,2014-11-19
42,2014-11-20
44.9,2014-11-21
43.6,2014-11-22
46.9,2014-11-23
48.5,2014-11-24
42.4,2014-11-25
42.5,2014-11-26
40.9,2014-11-27
36.6,2014-11-28
33.2,2014-11-29
32.4,2014-11-30
30.2,2014-12-01
30.4,2014-12-02
31.8,2014-12-03
39.9,2014-12-04
38,2014-12-05
40.2,2014-12-06
38.6,2014-12-07
40.4,2014-12-08
37.1,2014-12-09
38.2,2014-12-10
40.7,2014-12-11
49.1,2014-12-12
43.8,2014-12-13
41.2,2014-12-14
43.2,2014-12-15
42.9,2014-12-16
40.4,2014-12-17
52.5,2014-12-18
52.4,2014-12-19
43.9,2014-12-20
44,2014-12-21
50.7,2014-12-22
51.5,2014-12-23
50.4,2014-12-24
42.2,2014-12-25
33.5,2014-12-26
28.7,2014-12-27
29.2,2014-12-28
28.7,2014-12-29
33.5,2014-12-30
39.2,2014-12-31
39.9,2015-01-01
45.5,2015-01-02
41.2,2015-01-03
39.6,2015-01-04
38.6,2015-01-05
36.6,2015-01-06
40.4,2015-01-07
43.5,2015-01-08
46.6,2015-01-09
53,2015-01-10
40,2015-01-11
45.4,2015-01-12
52.1,2015-01-13
46.5,2015-01-14
48.3,2015-01-15
48.7,2015-01-16
40.6,2015-01-17
37.5,2015-01-18
37.2,2015-01-19
36.4,2015-01-20
34.6,2015-01-21
33.6,2015-01-22
35,2015-01-23
33,2015-01-24
38.2,2015-01-25
39.7,2015-01-26
40.1,2015-01-27
40.5,2015-01-28
37.3,2015-01-29
37.3,2015-01-30
33.9,2015-01-31
35.2,2015-02-01
37.1,2015-02-02
34.1,2015-02-03
32.3,2015-02-04
31.4,2015-02-05
30.5,2015-02-06
37.2,2015-02-07
36.4,2015-02-08
41.7,2015-02-09
41.5,2015-02-10
39.9,2015-02-11
43,2015-02-12
40.2,2015-02-13
40.8,2015-02-14
44,2015-02-15
40.4,2015-02-16
42.4,2015-02-17
42.5,2015-02-18
43.2,2015-02-19
46.6,2015-02-20
50.1,2015-02-21
41.4,2015-02-22
40.5,2015-02-23
47,2015-02-24
45.4,2015-02-25
45.8,2015-02-26
47.1,2015-02-27
39.7,2015-02-28
44.2,2015-03-01
44.9,2015-03-02
45.3,2015-03-03
44,2015-03-04
43.1,2015-03-05
45.7,2015-03-06
51.9,2015-03-07
58.4,2015-03-08
53.4,2015-03-09
52.1,2015-03-10
45.6,2015-03-11
40.9,2015-03-12
42.7,2015-03-13
44.3,2015-03-14
47.1,2015-03-15
55.7,2015-03-16
60.1,2015-03-17
52.2,2015-03-18
51.8,2015-03-19
51.8,2015-03-20
43,2015-03-21
40.4,2015-03-22
48.5,2015-03-23
54.8,2015-03-24
59.3,2015-03-25
49.2,2015-03-26
50.6,2015-03-27
49,2015-03-28
53.4,2015-03-29
47.2,2015-03-30
50.3,2015-03-31
45.9,2015-04-01
45.3,2015-04-02
47.7,2015-04-03
47.9,2015-04-04
49.1,2015-04-05
47,2015-04-06
52.5,2015-04-07
51.2,2015-04-08
55.8,2015-04-09
64.7,2015-04-10
67.7,2015-04-11
56.2,2015-04-12
51.6,2015-04-13
56.2,2015-04-14
68.8,2015-04-15
55.8,2015-04-16
51.3,2015-04-17
51.4,2015-04-18
56.3,2015-04-19
61.2,2015-04-20
64.3,2015-04-21
53.3,2015-04-22
62.3,2015-04-23
66.2,2015-04-24
69.9,2015-04-25
63.3,2015-04-26
59.3,2015-04-27
49.9,2015-04-28
56.2,2015-04-29
61.4,2015-04-30
56.5,2015-05-01
56.1,2015-05-02
65.6,2015-05-03
68.7,2015-05-04
74.3,2015-05-05
66.3,2015-05-06
61.9,2015-05-07
64.6,2015-05-08
70.3,2015-05-09
56.6,2015-05-10
67.3,2015-05-11
79,2015-05-12
62,2015-05-13
55.8,2015-05-14
59.5,2015-05-15
57.9,2015-05-16
58.3,2015-05-17
66.8,2015-05-18
64.7,2015-05-19
62.6,2015-05-20
61.7,2015-05-21
65.2,2015-05-22
66.1,2015-05-23
66.2,2015-05-24
68.6,2015-05-25
60.4,2015-05-26
58,2015-05-27
66.8,2015-05-28
65.2,2015-05-29
62.4,2015-05-30
69.1,2015-05-31
61.5,2015-06-01
73.6,2015-06-02
70.3,2015-06-03
68.3,2015-06-04
80.7,2015-06-05
83,2015-06-06
72,2015-06-07
67.7,2015-06-08
64.6,2015-06-09
67.3,2015-06-10
72.9,2015-06-11
78.2,2015-06-12
86.2,2015-06-13
70.6,2015-06-14
65.6,2015-06-15
58.4,2015-06-16
68.6,2015-06-17
69.3,2015-06-18
63.8,2015-06-19
63.3,2015-06-20
64.4,2015-06-21
65.8,2015-06-22
62.2,2015-06-23
61,2015-06-24
70.6,2015-06-25
71.3,2015-06-26
73.3,2015-06-27
70.9,2015-06-28
74.5,2015-06-29
75,2015-06-30
77.3,2015-07-01
83.3,2015-07-02
90.6,2015-07-03
96,2015-07-04
95.6,2015-07-05
78.5,2015-07-06
88.7,2015-07-07
71.8,2015-07-08
65,2015-07-09
64.7,2015-07-10
71.3,2015-07-11
76.9,2015-07-12
67.7,2015-07-13
66.6,2015-07-14
70.5,2015-07-15
76.8,2015-07-16
86.2,2015-07-17
79.4,2015-07-18
71.6,2015-07-19
74.7,2015-07-20
80.2,2015-07-21
83,2015-07-22
73.4,2015-07-23
76,2015-07-24
81.1,2015-07-25
67.4,2015-07-26
69.3,2015-07-27
69,2015-07-28
68.1,2015-07-29
66.6,2015-07-30
64.8,2015-07-31
75.6,2015-08-01
82.3,2015-08-02
87.2,2015-08-03
91.7,2015-08-04
78.6,2015-08-05
91.4,2015-08-06
97.1,2015-08-07
90.7,2015-08-08
81.8,2015-08-09
88.4,2015-08-10
91.2,2015-08-11
83.9,2015-08-12
85.4,2015-08-13
92.4,2015-08-14
84.9,2015-08-15
84.4,2015-08-16
80,2015-08-17
69.2,2015-08-18
77.1,2015-08-19
76.3,2015-08-20
77.4,2015-08-21
78.9,2015-08-22
76,2015-08-23
80.1,2015-08-24
70.7,2015-08-25
79.1,2015-08-26
82.1,2015-08-27
69,2015-08-28
74.5,2015-08-29
84.8,2015-08-30
92.4,2015-08-31
81.8,2015-09-01
69.7,2015-09-02
68.8,2015-09-03
66.5,2015-09-04
65.4,2015-09-05
60.6,2015-09-06
63.5,2015-09-07
66.8,2015-09-08
63.2,2015-09-09
65.8,2015-09-10
65.2,2015-09-11
71.2,2015-09-12
75.6,2015-09-13
72.8,2015-09-14
69.3,2015-09-15
75.7,2015-09-16
76,2015-09-17
66.8,2015-09-18
68,2015-09-19
59.8,2015-09-20
61.5,2015-09-21
68.2,2015-09-22
61.4,2015-09-23
65.2,2015-09-24
63.9,2015-09-25
62.5,2015-09-26
61.2,2015-09-27
63.5,2015-09-28
61.6,2015-09-29
60.3,2015-09-30
60.5,2015-10-01
63.1,2015-10-02
66.3,2015-10-03
66.9,2015-10-04
65.6,2015-10-05
64,2015-10-06
60,2015-10-07
49.2,2015-10-08
52.7,2015-10-09
50.5,2015-10-10
48,2015-10-11
46.6,2015-10-12
43,2015-10-13
43.9,2015-10-14
45.6,2015-10-15
46.4,2015-10-16
49.6,2015-10-17
50.2,2015-10-18
47.5,2015-10-19
50.7,2015-10-20
52.3,2015-10-21
52,2015-10-22
56.2,2015-10-23
57,2015-10-24
55.2,2015-10-25
51.2,2015-10-26
55.7,2015-10-27
53,2015-10-28
51,2015-10-29
50.7,2015-10-30
57.7,2015-10-31
57.8,2015-11-01
52.2,2015-11-02
49,2015-11-03
42.3,2015-11-04
54,2015-11-05
58.1,2015-11-06
61.4,2015-11-07
60.6,2015-11-08
59.8,2015-11-09
59.2,2015-11-10
56.8,2015-11-11
57.8,2015-11-12
56.7,2015-11-13
48.2,2015-11-14
54.7,2015-11-15
54.2,2015-11-16
55.2,2015-11-17
55.9,2015-11-18
54.3,2015-11-19
48,2015-11-20
42.2,2015-11-21
37.5,2015-11-22
36.8,2015-11-23
37.7,2015-11-24
38.6,2015-11-25
41.7,2015-11-26
39.4,2015-11-27
39.5,2015-11-28
48.1,2015-11-29
46.7,2015-11-30
45.8,2015-12-01
51.2,2015-12-02
49.7,2015-12-03
48.4,2015-12-04
46,2015-12-05
50.5,2015-12-06
52.1,2015-12-07
48.8,2015-12-08
48.2,2015-12-09
42.1,2015-12-10
43.1,2015-12-11
43.7,2015-12-12
48.5,2015-12-13
36.4,2015-12-14
41.9,2015-12-15
46.2,2015-12-16
53.1,2015-12-17
53.4,2015-12-18
52.1,2015-12-19
51.7,2015-12-20
51.2,2015-12-21
54.5,2015-12-22
54.8,2015-12-23
48.5,2015-12-24
50,2015-12-25
57,2015-12-26
53.8,2015-12-27
53.4,2015-12-28
43,2015-12-29
36,2015-12-30
35.7,2015-12-31
38.3,2016-01-01
34.7,2016-01-02
20.4,2016-01-03
25,2016-01-04
22.4,2016-01-05
20.7,2016-01-06
27.8,2016-01-07
39.1,2016-01-08
38.6,2016-01-09
39.2,2016-01-10
39.3,2016-01-11
38.3,2016-01-12
37.5,2016-01-13
36.7,2016-01-14
34.7,2016-01-15
33.2,2016-01-16
31.3,2016-01-17
26.5,2016-01-18
26.6,2016-01-19
31.6,2016-01-20
30.1,2016-01-21
28.1,2016-01-22
38.2,2016-01-23
39.3,2016-01-24
47.9,2016-01-25
48.8,2016-01-26
49.6,2016-01-27
49.1,2016-01-28
46.9,2016-01-29
47.6,2016-01-30
42.2,2016-01-31
50.3,2016-02-01
50.6,2016-02-02
44,2016-02-03
37.8,2016-02-04
43.2,2016-02-05
50.9,2016-02-06
54.1,2016-02-07
48.1,2016-02-08
48.7,2016-02-09
44.9,2016-02-10
42.8,2016-02-11
41.5,2016-02-12
42.1,2016-02-13
39.9,2016-02-14
39.9,2016-02-15
36.9,2016-02-16
35.9,2016-02-17
42.3,2016-02-18
41.7,2016-02-19
42.1,2016-02-20
51.3,2016-02-21
51.3,2016-02-22
44.6,2016-02-23
41.7,2016-02-24
40.6,2016-02-25
39.6,2016-02-26
40.2,2016-02-27
43.1,2016-02-28
39,2016-02-29
37.4,2016-03-01
48.8,2016-03-02
44.6,2016-03-03
46.1,2016-03-04
47.2,2016-03-05
39.9,2016-03-06
43.7,2016-03-07
44.7,2016-03-08
46.2,2016-03-09
46.8,2016-03-10
42,2016-03-11
40.5,2016-03-12
38.2,2016-03-13
43.5,2016-03-14
43.8,2016-03-15
46.9,2016-03-16
49,2016-03-17
44.6,2016-03-18
47.6,2016-03-19
45.8,2016-03-20
46.7,2016-03-21
47.4,2016-03-22
45,2016-03-23
45.8,2016-03-24
47.6,2016-03-25
52.9,2016-03-26
59.9,2016-03-27
59.3,2016-03-28
50.6,2016-03-29
53.4,2016-03-30
50.9,2016-03-31
52.1,2016-04-01
58.3,2016-04-02
64.9,2016-04-03
66.2,2016-04-04
68.6,2016-04-05
58.3,2016-04-06
53.4,2016-04-07
55.8,2016-04-08
55.3,2016-04-09
49.9,2016-04-10
57.4,2016-04-11
57.5,2016-04-12
62.1,2016-04-13
53.5,2016-04-14
56.9,2016-04-15
57.9,2016-04-16
52.8,2016-04-17
52.8,2016-04-18
55.2,2016-04-19
52.6,2016-04-20
56.5,2016-04-21
54.4,2016-04-22
50.9,2016-04-23
47,2016-04-24
47.8,2016-04-25
48.6,2016-04-26
47.6,2016-04-27
50.5,2016-04-28
56.5,2016-04-29
63,2016-04-30
61.7,2016-05-01
63.8,2016-05-02
63.5,2016-05-03
56.4,2016-05-04
64.7,2016-05-05
70.8,2016-05-06
72.8,2016-05-07
71.9,2016-05-08
73.6,2016-05-09
73.2,2016-05-10
74,2016-05-11
73.4,2016-05-12
70.1,2016-05-13
60.4,2016-05-14
54.5,2016-05-15
57.1,2016-05-16
55,2016-05-17
64.3,2016-05-18
69.6,2016-05-19
71,2016-05-20
72.7,2016-05-21
81.2,2016-05-22
77,2016-05-23
73.3,2016-05-24
65.4,2016-05-25
62.5,2016-05-26
68.3,2016-05-27
74.5,2016-05-28
78.9,2016-05-29
79.8,2016-05-30
76.4,2016-05-31
71.1,2016-06-01
75.6,2016-06-02
77.6,2016-06-03
77.8,2016-06-04
79.3,2016-06-05
75.5,2016-06-06
76.4,2016-06-07
77.6,2016-06-08
68.7,2016-06-09
69.8,2016-06-10
69.4,2016-06-11
70,2016-06-12
67.3,2016-06-13
68.4,2016-06-14
66.3,2016-06-15
72.1,2016-06-16
66,2016-06-17
68.5,2016-06-18
68.7,2016-06-19
71.5,2016-06-20
72.9,2016-06-21
77.4,2016-06-22
86.8,2016-06-23
91.2,2016-06-24
87.3,2016-06-25
73.7,2016-06-26
72.5,2016-06-27
70.6,2016-06-28
75.5,2016-06-29
76.3,2016-06-30
80.1,2016-07-01
74.6,2016-07-02
69.2,2016-07-03
70.7,2016-07-04
74.6,2016-07-05
66.3,2016-07-06
69.7,2016-07-07
78.4,2016-07-08
71.2,2016-07-09
85.4,2016-07-10
83.5,2016-07-11
78.1,2016-07-12
70.6,2016-07-13
65.2,2016-07-14
65.5,2016-07-15
76.6,2016-07-16
74.3,2016-07-17
70.1,2016-07-18
74.1,2016-07-19
79.1,2016-07-20
82.1,2016-07-21
83.2,2016-07-22
83.7,2016-07-23
82.4,2016-07-24
86.3,2016-07-25
82.3,2016-07-26
80.9,2016-07-27
77.1,2016-07-28
77.2,2016-07-29
74.6,2016-07-30
76,2016-07-31
69.5,2016-08-01
66.7,2016-08-02
70.4,2016-08-03
79.3,2016-08-04
71.5,2016-08-05
70.9,2016-08-06
75.1,2016-08-07
80.6,2016-08-08
68.5,2016-08-09
64.6,2016-08-10
65.1,2016-08-11
66.4,2016-08-12
80.4,2016-08-13
71,2016-08-14
69.8,2016-08-15
69.8,2016-08-16
69.9,2016-08-17
69.9,2016-08-18
78.1,2016-08-19
79.6,2016-08-20
75.2,2016-08-21
73.8,2016-08-22
74.6,2016-08-23
80.9,2016-08-24
84.5,2016-08-25
90.8,2016-08-26
86.5,2016-08-27
94.4,2016-08-28
75.5,2016-08-29
72.8,2016-08-30
78.4,2016-08-31
79.3,2016-09-01
78.1,2016-09-02
78.6,2016-09-03
73,2016-09-04
70.2,2016-09-05
71,2016-09-06
78.1,2016-09-07
84.5,2016-09-08
80.3,2016-09-09
80.8,2016-09-10
83.9,2016-09-11
87.8,2016-09-12
87.9,2016-09-13
83.8,2016-09-14
78.5,2016-09-15
81.2,2016-09-16
73.4,2016-09-17
68.1,2016-09-18
66.1,2016-09-19
64.8,2016-09-20
65.7,2016-09-21
67.3,2016-09-22
71,2016-09-23
67.5,2016-09-24
71.4,2016-09-25
70.5,2016-09-26
70.2,2016-09-27
70.7,2016-09-28
76.6,2016-09-29
69.1,2016-09-30
59.8,2016-10-01
64.7,2016-10-02
61.6,2016-10-03
59.7,2016-10-04
55.1,2016-10-05
54.1,2016-10-06
55.7,2016-10-07
54.4,2016-10-08
51.3,2016-10-09
53.1,2016-10-10
48.9,2016-10-11
48.2,2016-10-12
45.8,2016-10-13
54.7,2016-10-14
53.9,2016-10-15
51.5,2016-10-16
55.3,2016-10-17
57.1,2016-10-18
51,2016-10-19
50.3,2016-10-20
48.9,2016-10-21
49.4,2016-10-22
49.4,2016-10-23
52.1,2016-10-24
50.1,2016-10-25
45.7,2016-10-26
52.1,2016-10-27
54.9,2016-10-28
53.4,2016-10-29
52,2016-10-30
50.1,2016-10-31
53.9,2016-11-01
47.7,2016-11-02
43.7,2016-11-03
47.4,2016-11-04
48.1,2016-11-05
45.6,2016-11-06
43.2,2016-11-07
41.3,2016-11-08
39.1,2016-11-09
38.3,2016-11-10
38.6,2016-11-11
33.2,2016-11-12
30.7,2016-11-13
38,2016-11-14
45.6,2016-11-15
49,2016-11-16
50.1,2016-11-17
57.2,2016-11-18
48.1,2016-11-19
51.3,2016-11-20
51.9,2016-11-21
52.3,2016-11-22
46.7,2016-11-23
45.2,2016-11-24
36.8,2016-11-25
37.5,2016-11-26
43.2,2016-11-27
36.7,2016-11-28
34.1,2016-11-29
39.2,2016-11-30
45.6,2016-12-01
44.6,2016-12-02
35.5,2016-12-03
36.1,2016-12-04
31.8,2016-12-05
35.8,2016-12-06
38.6,2016-12-07
47.7,2016-12-08
47.7,2016-12-09
49.3,2016-12-10
46.8,2016-12-11
43,2016-12-12
39.6,2016-12-13
40.8,2016-12-14
36,2016-12-15
36.2,2016-12-16
34.1,2016-12-17
38.6,2016-12-18
40.1,2016-12-19
35,2016-12-20
36,2016-12-21
35.9,2016-12-22
39.5,2016-12-23
43.4,2016-12-24
47.9,2016-12-25
49.7,2016-12-26
45.1,2016-12-27
43.4,2016-12-28
41.2,2016-12-29
37.5,2016-12-30
36.6,2016-12-31
37.9,2017-01-01
37.4,2017-01-02
38.8,2017-01-03
39.7,2017-01-04
29.3,2017-01-05
26,2017-01-06
28.5,2017-01-07
29.7,2017-01-08
31.9,2017-01-09
33.1,2017-01-10
37.5,2017-01-11
38.4,2017-01-12
36.8,2017-01-13
34.9,2017-01-14
34.3,2017-01-15
30.7,2017-01-16
30.3,2017-01-17
27.2,2017-01-18
28.9,2017-01-19
34.7,2017-01-20
35.6,2017-01-21
35.8,2017-01-22
28.6,2017-01-23
33.8,2017-01-24
35,2017-01-25
36.5,2017-01-26
37.5,2017-01-27
32.4,2017-01-28
43.5,2017-01-29
37.1,2017-01-30
33.5,2017-01-31
33.2,2017-02-01
34.1,2017-02-02
38.6,2017-02-03
46,2017-02-04
38,2017-02-05
32.7,2017-02-06
31.3,2017-02-07
27.7,2017-02-08
29,2017-02-09
33.9,2017-02-10
32.2,2017-02-11
33.7,2017-02-12
35,2017-02-13
39.2,2017-02-14
48.9,2017-02-15
51.7,2017-02-16
44,2017-02-17
40.2,2017-02-18
44.6,2017-02-19
48.2,2017-02-20
49.2,2017-02-21
50.7,2017-02-22
47,2017-02-23
43.9,2017-02-24
42.8,2017-02-25
48.8,2017-02-26
53.9,2017-02-27
51.2,2017-02-28
45.1,2017-03-01
45.1,2017-03-02
50.9,2017-03-03
59,2017-03-04
52.4,2017-03-05
48.7,2017-03-06
40,2017-03-07
49.2,2017-03-08
49.9,2017-03-09
47.9,2017-03-10
46.8,2017-03-11
41.7,2017-03-12
47.3,2017-03-13
50.8,2017-03-14
53.4,2017-03-15
53.8,2017-03-16
49.8,2017-03-17
51.8,2017-03-18
49.9,2017-03-19
53,2017-03-20
55.1,2017-03-21
50,2017-03-22
45.9,2017-03-23
54.2,2017-03-24
52.4,2017-03-25
53.7,2017-03-26
59.4,2017-03-27
65.7,2017-03-28
58.7,2017-03-29
61.4,2017-03-30
69.7,2017-03-31
69.8,2017-04-01
62.4,2017-04-02
52.3,2017-04-03
54.6,2017-04-04
56.9,2017-04-05
53.7,2017-04-06
52.2,2017-04-07
55.6,2017-04-08
61.9,2017-04-09
64.9,2017-04-10
49.9,2017-04-11
54.1,2017-04-12
53.3,2017-04-13
54.1,2017-04-14
51,2017-04-15
47.4,2017-04-16
48,2017-04-17
47.4,2017-04-18
43,2017-04-19
46.8,2017-04-20
56.3,2017-04-21
49.6,2017-04-22
48.6,2017-04-23
54.4,2017-04-24
51,2017-04-25
51.2,2017-04-26
51.9,2017-04-27
52.8,2017-04-28
51,2017-04-29
56.1,2017-04-30
59.8,2017-05-01
51.1,2017-05-02
58.9,2017-05-03
50.3,2017-05-04
55.1,2017-05-05
60.9,2017-05-06
61.6,2017-05-07
50.2,2017-05-08
48.9,2017-05-09
52.7,2017-05-10
63.2,2017-05-11
70.7,2017-05-12
64,2017-05-13
68.9,2017-05-14
66.5,2017-05-15
63.2,2017-05-16
75.5,2017-05-17
78.5,2017-05-18
81.8,2017-05-19
64.2,2017-05-20
68.2,2017-05-21
68.8,2017-05-22
74.2,2017-05-23
60.9,2017-05-24
63.3,2017-05-25
72.4,2017-05-26
77.3,2017-05-27
86.2,2017-05-28
83.1,2017-05-29
83,2017-05-30
73.1,2017-05-31
70.2,2017-06-01
75.7,2017-06-02
75.8,2017-06-03
63,2017-06-04
69,2017-06-05
75.9,2017-06-06
64.9,2017-06-07
67,2017-06-08
82.1,2017-06-09
70.7,2017-06-10
81.3,2017-06-11
72,2017-06-12
66.6,2017-06-13
69.2,2017-06-14
79.1,2017-06-15
68.8,2017-06-16
71.3,2017-06-17
76.7,2017-06-18
85.2,2017-06-19
82.3,2017-06-20
73.3,2017-06-21
80.7,2017-06-22
72.7,2017-06-23
69.9,2017-06-24
67.3,2017-06-25
67.9,2017-06-26
70.2,2017-06-27
77.8,2017-06-28
67.6,2017-06-29
64.6,2017-06-30
65.9,2017-07-01
65,2017-07-02
69,2017-07-03
66.7,2017-07-04
66.3,2017-07-05
72.9,2017-07-06
78,2017-07-07
73.8,2017-07-08
72.6,2017-07-09
71.3,2017-07-10
72.9,2017-07-11
67.3,2017-07-12
65.5,2017-07-13
67.4,2017-07-14
68.8,2017-07-15
70,2017-07-16
71.9,2017-07-17
72.7,2017-07-18
80,2017-07-19
81.2,2017-07-20
76.4,2017-07-21
76.8,2017-07-22
73.6,2017-07-23
74.5,2017-07-24
62.5,2017-07-25
62.6,2017-07-26
72.5,2017-07-27
70.6,2017-07-28
75.8,2017-07-29
85.7,2017-07-30
80.2,2017-07-31
84.1,2017-08-01
75.4,2017-08-02
80.3,2017-08-03
75.8,2017-08-04
72.2,2017-08-05
69.4,2017-08-06
73.2,2017-08-07
79.5,2017-08-08
78.1,2017-08-09
76.7,2017-08-10
69.9,2017-08-11
64.2,2017-08-12
69.2,2017-08-13
72.5,2017-08-14
79.4,2017-08-15
69.5,2017-08-16
77.6,2017-08-17
77.8,2017-08-18
69.5,2017-08-19
66.5,2017-08-20
66.2,2017-08-21
63.7,2017-08-22
68.4,2017-08-23
71.9,2017-08-24
71.5,2017-08-25
74,2017-08-26
71.6,2017-08-27
71.4,2017-08-28
78,2017-08-29
84.8,2017-08-30
77.6,2017-08-31
63.9,2017-09-01
67,2017-09-02
65.7,2017-09-03
67.9,2017-09-04
71.4,2017-09-05
68.4,2017-09-06
63.1,2017-09-07
63.1,2017-09-08
65.4,2017-09-09
66.7,2017-09-10
68.1,2017-09-11
64,2017-09-12
64.5,2017-09-13
58.8,2017-09-14
61.4,2017-09-15
61.9,2017-09-16
63.6,2017-09-17
61.4,2017-09-18
61.7,2017-09-19
61.4,2017-09-20
62.5,2017-09-21
63,2017-09-22
62.2,2017-09-23
62.4,2017-09-24
61.1,2017-09-25
64.5,2017-09-26
65.8,2017-09-27
66.3,2017-09-28
67.8,2017-09-29
67.3,2017-09-30
57.1,2017-10-01
60.8,2017-10-02
60,2017-10-03
57.3,2017-10-04
58,2017-10-05
54.6,2017-10-06
53.5,2017-10-07
55.9,2017-10-08
55.3,2017-10-09
56.6,2017-10-10
60.2,2017-10-11
61.3,2017-10-12
59.7,2017-10-13
65.9,2017-10-14
69.3,2017-10-15
70.4,2017-10-16
69.7,2017-10-17
64,2017-10-18
59.7,2017-10-19
64.9,2017-10-20
56.2,2017-10-21
56.3,2017-10-22
52.7,2017-10-23
55.7,2017-10-24
62.7,2017-10-25
58.7,2017-10-26
53.4,2017-10-27
52.4,2017-10-28
52.3,2017-10-29
47.5,2017-10-30
47.5,2017-10-31
51.4,2017-11-01
52.5,2017-11-02
51.3,2017-11-03
52.8,2017-11-04
55.3,2017-11-05
49.2,2017-11-06
47.5,2017-11-07
48.2,2017-11-08
45.5,2017-11-09
47.2,2017-11-10
44.6,2017-11-11
43,2017-11-12
44.9,2017-11-13
43.8,2017-11-14
47,2017-11-15
48.8,2017-11-16
46.7,2017-11-17
43.1,2017-11-18
42.7,2017-11-19
42.6,2017-11-20
40.7,2017-11-21
49,2017-11-22
55.1,2017-11-23
55.9,2017-11-24
42.1,2017-11-25
41.3,2017-11-26
41.3,2017-11-27
44.1,2017-11-28
40.9,2017-11-29
37.9,2017-11-30
38,2017-12-01
37.8,2017-12-02
37.6,2017-12-03
40.4,2017-12-04
44.8,2017-12-05
44.5,2017-12-06
44.3,2017-12-07
43,2017-12-08
37,2017-12-09
35.2,2017-12-10
41.9,2017-12-11
44.1,2017-12-12
38.4,2017-12-13
41,2017-12-14
35.2,2017-12-15
36.6,2017-12-16
35.2,2017-12-17
36.2,2017-12-18
37.1,2017-12-19
39.7,2017-12-20
44.5,2017-12-21
43.4,2017-12-22
47,2017-12-23
48.2,2017-12-24
48.9,2017-12-25
48.2,2017-12-26
41.4,2017-12-27
39,2017-12-28
39.2,2017-12-29
47.8,2017-12-30
52.2,2017-12-31
53.4,2018-01-01
42.2,2018-01-02
47,2018-01-03
44.9,2018-01-04
47.5,2018-01-05
45.1,2018-01-06
38.8,2018-01-07
34.3,2018-01-08
40.7,2018-01-09
41.6,2018-01-10
36.5,2018-01-11
35.4,2018-01-12
32.9,2018-01-13
31,2018-01-14
37.2,2018-01-15
42.1,2018-01-16
35.6,2018-01-17
40.8,2018-01-18
38.8,2018-01-19
36.8,2018-01-20
35.5,2018-01-21
35.2,2018-01-22
39.9,2018-01-23
50.8,2018-01-24
50.2,2018-01-25
44.1,2018-01-26
43.7,2018-01-27
48.8,2018-01-28
50,2018-01-29
42.8,2018-01-30
47,2018-01-31
42.3,2018-02-01
40.8,2018-02-02
36.6,2018-02-03
35.5,2018-02-04
34,2018-02-05
31.7,2018-02-06
34.4,2018-02-07
33.5,2018-02-08
35.1,2018-02-09
36.5,2018-02-10
39.8,2018-02-11
39.7,2018-02-12
39.8,2018-02-13
38.9,2018-02-14
37.6,2018-02-15
43.5,2018-02-16
40.4,2018-02-17
38,2018-02-18
39.6,2018-02-19
38.4,2018-02-20
39,2018-02-21
35.6,2018-02-22
30.8,2018-02-23
32.2,2018-02-24
29.3,2018-02-25
26.8,2018-02-26
24.9,2018-02-27
21.8,2018-02-28
23.1,2018-03-01
26,2018-03-02
27.7,2018-03-03
38.4,2018-03-04
48.6,2018-03-05
41.5,2018-03-06
38.3,2018-03-07
46.6,2018-03-08
47.5,2018-03-09
46.7,2018-03-10
60.3,2018-03-11
48.8,2018-03-12
51.6,2018-03-13
40.1,2018-03-14
40.1,2018-03-15
35.2,2018-03-16
31.1,2018-03-17
33.3,2018-03-18
38.9,2018-03-19
38.5,2018-03-20
43.1,2018-03-21
38.1,2018-03-22
39.1,2018-03-23
43.7,2018-03-24
49.8,2018-03-25
47,2018-03-26
44.7,2018-03-27
37.1,2018-03-28
47.2,2018-03-29
49.3,2018-03-30
42.8,2018-03-31
37.3,2018-04-01
46.1,2018-04-02
63.1,2018-04-03
67,2018-04-04
58.1,2018-04-05
52.2,2018-04-06
63.4,2018-04-07
66.4,2018-04-08
68.6,2018-04-09
71.8,2018-04-10
64.5,2018-04-11
71.2,2018-04-12
69.2,2018-04-13
61.6,2018-04-14
70.3,2018-04-15
58.2,2018-04-16
64.3,2018-04-17
72,2018-04-18
72.9,2018-04-19
78,2018-04-20
69,2018-04-21
71.5,2018-04-22
69.4,2018-04-23
61.4,2018-04-24
61.4,2018-04-25
55.3,2018-04-26
58.9,2018-04-27
69.5,2018-04-28
72.2,2018-04-29
73.1,2018-04-30
57.9,2018-05-01
57.9,2018-05-02
66.8,2018-05-03
62.4,2018-05-04
64.5,2018-05-05
68.9,2018-05-06
73.7,2018-05-07
75,2018-05-08
78.4,2018-05-09
77.5,2018-05-10
63.2,2018-05-11
71.1,2018-05-12
76.7,2018-05-13
74.5,2018-05-14
70.9,2018-05-15
69.4,2018-05-16
71.3,2018-05-17
63.2,2018-05-18
68.6,2018-05-19
69.3,2018-05-20
73.7,2018-05-21
73.8,2018-05-22
75.1,2018-05-23
77.3,2018-05-24
77.9,2018-05-25
77.3,2018-05-26
80.6,2018-05-27
85.7,2018-05-28
87.3,2018-05-29
86.6,2018-05-30
86.6,2018-05-31
88.1,2018-06-01
76.5,2018-06-02
74.3,2018-06-03
76.7,2018-06-04
72.8,2018-06-05
73.1,2018-06-06
80.3,2018-06-07
84.3,2018-06-08
86.8,2018-06-09
83.8,2018-06-10
75.8,2018-06-11
70.4,2018-06-12
63.9,2018-06-13
70.3,2018-06-14
71.3,2018-06-15
78.5,2018-06-16
77.9,2018-06-17
73.9,2018-06-18
75.8,2018-06-19
80.1,2018-06-20
79.3,2018-06-21
63.7,2018-06-22
63.6,2018-06-23
59.6,2018-06-24
68.8,2018-06-25
71.5,2018-06-26
73.7,2018-06-27
79.7,2018-06-28
83.1,2018-06-29
68.9,2018-06-30
68.5,2018-07-01
73.3,2018-07-02
80.6,2018-07-03
85.5,2018-07-04
86.3,2018-07-05
75.9,2018-07-06
77.3,2018-07-07
77.1,2018-07-08
74.5,2018-07-09
69.3,2018-07-10
71.6,2018-07-11
66.8,2018-07-12
78,2018-07-13
73.8,2018-07-14
74.2,2018-07-15
79.4,2018-07-16
81.2,2018-07-17
78.9,2018-07-18
76.5,2018-07-19
79.4,2018-07-20
79.2,2018-07-21
80.3,2018-07-22
81.4,2018-07-23
84,2018-07-24
87.8,2018-07-25
88.3,2018-07-26
87.9,2018-07-27
90,2018-07-28
82.6,2018-07-29
89.3,2018-07-30
94.7,2018-07-31
89.3,2018-08-01
87.8,2018-08-02
89.6,2018-08-03
90.5,2018-08-04
78.5,2018-08-05
83,2018-08-06
94.8,2018-08-07
98,2018-08-08
93.2,2018-08-09
76.5,2018-08-10
74,2018-08-11
79.5,2018-08-12
88.5,2018-08-13
76.5,2018-08-14
75.8,2018-08-15
85.1,2018-08-16
88.4,2018-08-17
78.6,2018-08-18
84.1,2018-08-19
77.8,2018-08-20
73.7,2018-08-21
81.7,2018-08-22
92.1,2018-08-23
75.8,2018-08-24
69.4,2018-08-25
66.9,2018-08-26
73.3,2018-08-27
70.9,2018-08-28
79.6,2018-08-29
66.9,2018-08-30
67.7,2018-08-31
72.7,2018-09-01
74.4,2018-09-02
81.9,2018-09-03
77.6,2018-09-04
75.2,2018-09-05
75.3,2018-09-06
72.5,2018-09-07
70.3,2018-09-08
76.7,2018-09-09
79,2018-09-10
78.6,2018-09-11
80.1,2018-09-12
60.6,2018-09-13
67.4,2018-09-14
68.8,2018-09-15
70.7,2018-09-16
79.2,2018-09-17
84.4,2018-09-18
82.3,2018-09-19
83.5,2018-09-20
86.1,2018-09-21
63.2,2018-09-22
56,2018-09-23
55.7,2018-09-24
57.1,2018-09-25
61.6,2018-09-26
71.5,2018-09-27
60.5,2018-09-28
56.9,2018-09-29
62.8,2018-09-30
57.3,2018-10-01
51.1,2018-10-02
56.7,2018-10-03
57.8,2018-10-04
67.2,2018-10-05
71.4,2018-10-06
57.9,2018-10-07
57.7,2018-10-08
64.2,2018-10-09
71.3,2018-10-10
74,2018-10-11
75.1,2018-10-12
75.3,2018-10-13
73.5,2018-10-14
70.8,2018-10-15
69.6,2018-10-16
68.7,2018-10-17
65.9,2018-10-18
57,2018-10-19
54.5,2018-10-20
57.8,2018-10-21
52.1,2018-10-22
52.5,2018-10-23
52.2,2018-10-24
54.2,2018-10-25
53.7,2018-10-26
50.5,2018-10-27
48.2,2018-10-28
48.2,2018-10-29
67.9,2018-10-30
54.1,2018-10-31
56.7,2018-11-01
57.5,2018-11-02
50.1,2018-11-03
52.5,2018-11-04
60.9,2018-11-05
61.6,2018-11-06
59.7,2018-11-07
57,2018-11-08
50.4,2018-11-09
54.9,2018-11-10
54.7,2018-11-11
57.8,2018-11-12
53.5,2018-11-13
52,2018-11-14
51.4,2018-11-15
47.1,2018-11-16
42.5,2018-11-17
40.6,2018-11-18
39.9,2018-11-19
37.9,2018-11-20
35.7,2018-11-21
37.1,2018-11-22
38.9,2018-11-23
41.3,2018-11-24
42.7,2018-11-25
39.4,2018-11-26
35.1,2018-11-27
37,2018-11-28
36.2,2018-11-29
35.5,2018-11-30
43.9,2018-12-01
48.8,2018-12-02
54.3,2018-12-03
48.7,2018-12-04
42.5,2018-12-05
48.7,2018-12-06
52.1,2018-12-07
48.8,2018-12-08
45.7,2018-12-09
41.7,2018-12-10
40,2018-12-11
38.9,2018-12-12
36.2,2018-12-13
32.9,2018-12-14
33.3,2018-12-15
32.8,2018-12-16
35,2018-12-17
41.2,2018-12-18
37.7,2018-12-19
41.5,2018-12-20
50.4,2018-12-21
48.1,2018-12-22
44.9,2018-12-23
40.7,2018-12-24
42.1,2018-12-25
45.2,2018-12-26
43.4,2018-12-27
44.7,2018-12-28
43.7,2018-12-29
45.7,2018-12-30
45.3,2018-12-31
45.5,2019-01-01
38.4,2019-01-02
35.9,2019-01-03
41.1,2019-01-04
45.7,2019-01-05
37.2,2019-01-06
41.2,2019-01-07
42.6,2019-01-08
37.2,2019-01-09
35.8,2019-01-10
41.6,2019-01-11
41.8,2019-01-12
45.5,2019-01-13
40.3,2019-01-14
43.5,2019-01-15
44.5,2019-01-16
43.6,2019-01-17
35.2,2019-01-18
36.1,2019-01-19
34.1,2019-01-20
29.8,2019-01-21
31.5,2019-01-22
28.1,2019-01-23
26.4,2019-01-24
27.4,2019-01-25
38,2019-01-26
41.3,2019-01-27
40.7,2019-01-28
37.1,2019-01-29
37,2019-01-30
38.2,2019-01-31
35.1,2019-02-01
35.3,2019-02-02
35.7,2019-02-03
40.6,2019-02-04
39.7,2019-02-05
43.3,2019-02-06
43.2,2019-02-07
46.9,2019-02-08
49.8,2019-02-09
47.4,2019-02-10
43.8,2019-02-11
41.7,2019-02-12
46.5,2019-02-13
49.6,2019-02-14
52.4,2019-02-15
57.1,2019-02-16
53.9,2019-02-17
55.5,2019-02-18
49.5,2019-02-19
49.5,2019-02-20
51.9,2019-02-21
47,2019-02-22
39.4,2019-02-23
50,2019-02-24
54.4,2019-02-25
52.1,2019-02-26
57.6,2019-02-27
54.3,2019-02-28
42.6,2019-03-01
42.2,2019-03-02
50.1,2019-03-03
57.7,2019-03-04
47.7,2019-03-05
52.2,2019-03-06
61.1,2019-03-07
49.3,2019-03-08
52.7,2019-03-09
45.6,2019-03-10
42.1,2019-03-11
47,2019-03-12
49.9,2019-03-13
47,2019-03-14
49,2019-03-15
48.1,2019-03-16
54.6,2019-03-17
45.9,2019-03-18
46.9,2019-03-19
52.9,2019-03-20
56.6,2019-03-21
56.3,2019-03-22
62.3,2019-03-23
51.2,2019-03-24
46.1,2019-03-25
47,2019-03-26
49.1,2019-03-27
51.7,2019-03-28
55,2019-03-29
62.4,2019-03-30
53.6,2019-03-31
50.1,2019-04-01
56.8,2019-04-02
64.4,2019-04-03
66.8,2019-04-04
61.3,2019-04-05
68,2019-04-06
64.9,2019-04-07
64.9,2019-04-08
52.9,2019-04-09
47.7,2019-04-10
44.1,2019-04-11
41,2019-04-12
45.1,2019-04-13
49,2019-04-14
54.6,2019-04-15
58.5,2019-04-16
62.3,2019-04-17
67.9,2019-04-18
69.6,2019-04-19
68.1,2019-04-20
68.1,2019-04-21
65.9,2019-04-22
67.4,2019-04-23
72.6,2019-04-24
75.7,2019-04-25
77.4,2019-04-26
63,2019-04-27
55.4,2019-04-28
62.2,2019-04-29
63.2,2019-04-30
63,2019-05-01
57.4,2019-05-02
51.3,2019-05-03
50.6,2019-05-04
52.6,2019-05-05
52.5,2019-05-06
54.2,2019-05-07
64.4,2019-05-08
62.3,2019-05-09
62.2,2019-05-10
59,2019-05-11
60.4,2019-05-12
58.4,2019-05-13
56.2,2019-05-14
56.2,2019-05-15
56.7,2019-05-16
65.6,2019-05-17
72.9,2019-05-18
74.7,2019-05-19
76.4,2019-05-20
72.4,2019-05-21
58.9,2019-05-22
66.9,2019-05-23
72,2019-05-24
64.3,2019-05-25
72.2,2019-05-26
67.1,2019-05-27
66.1,2019-05-28
61.7,2019-05-29
73.3,2019-05-30
75.2,2019-05-31
82.6,2019-06-01
87,2019-06-02
92.5,2019-06-03
86.7,2019-06-04
91.1,2019-06-05
85.7,2019-06-06
78.2,2019-06-07
72.5,2019-06-08
78.5,2019-06-09
81.7,2019-06-10
83.9,2019-06-11
91.6,2019-06-12
77.9,2019-06-13
86.6,2019-06-14
90.4,2019-06-15
75.2,2019-06-16
79.5,2019-06-17
85.6,2019-06-18
87.7,2019-06-19
81.4,2019-06-20
75.7,2019-06-21
77,2019-06-22
81.9,2019-06-23
84.4,2019-06-24
92.6,2019-06-25
97.4,2019-06-26
77.2,2019-06-27
75.8,2019-06-28
86.8,2019-06-29
99.3,2019-06-30
81.7,2019-07-01
72.1,2019-07-02
66.1,2019-07-03
71.8,2019-07-04
69.7,2019-07-05
73.9,2019-07-06
64.1,2019-07-07
65.8,2019-07-08
64.7,2019-07-09
70.4,2019-07-10
75.7,2019-07-11
66,2019-07-12
75.9,2019-07-13
72.5,2019-07-14
65.8,2019-07-15
69.5,2019-07-16
73.2,2019-07-17
78.2,2019-07-18
76.4,2019-07-19
85.7,2019-07-20
79.2,2019-07-21
77.3,2019-07-22
86.5,2019-07-23
91.2,2019-07-24
93.4,2019-07-25
87.5,2019-07-26
82.3,2019-07-27
87.3,2019-07-28
92.3,2019-07-29
85.7,2019-07-30
79.6,2019-07-31
75.5,2019-08-01
75,2019-08-02
76.2,2019-08-03
75,2019-08-04
77.1,2019-08-05
81.4,2019-08-06
75.8,2019-08-07
78.5,2019-08-08
80.7,2019-08-09
81,2019-08-10
81.2,2019-08-11
74.8,2019-08-12
71.4,2019-08-13
69.7,2019-08-14
72.6,2019-08-15
72,2019-08-16
80.3,2019-08-17
78.1,2019-08-18
74.5,2019-08-19
76.1,2019-08-20
74,2019-08-21
79.5,2019-08-22
82.1,2019-08-23
84.4,2019-08-24
86,2019-08-25
87.8,2019-08-26
87.1,2019-08-27
89.9,2019-08-28
86.2,2019-08-29
84.4,2019-08-30
90.6,2019-08-31
84.8,2019-09-01
69.9,2019-09-02
68.6,2019-09-03
80.7,2019-09-04
71.9,2019-09-05
68.5,2019-09-06
68,2019-09-07
68.3,2019-09-08
58.8,2019-09-09
66.8,2019-09-10
71.5,2019-09-11
70.4,2019-09-12
68.6,2019-09-13
65.1,2019-09-14
73.4,2019-09-15
61.5,2019-09-16
60.5,2019-09-17
60.4,2019-09-18
61.2,2019-09-19
61.2,2019-09-20
68.7,2019-09-21
75.3,2019-09-22
73.1,2019-09-23
65.9,2019-09-24
63.9,2019-09-25
67.6,2019-09-26
63.2,2019-09-27
65.2,2019-09-28
61,2019-09-29
59.9,2019-09-30
62.6,2019-10-01
55.9,2019-10-02
54.4,2019-10-03
54.8,2019-10-04
53.1,2019-10-05
51.6,2019-10-06
52.1,2019-10-07
54.7,2019-10-08
60,2019-10-09
56.9,2019-10-10
60.2,2019-10-11
66.8,2019-10-12
73.8,2019-10-13
70.3,2019-10-14
68.8,2019-10-15
58.3,2019-10-16
63.1,2019-10-17
65.9,2019-10-18
59.6,2019-10-19
66.3,2019-10-20
64.6,2019-10-21
62.4,2019-10-22
63.1,2019-10-23
62.1,2019-10-24
63.4,2019-10-25
63.7,2019-10-26
61.1,2019-10-27
53.1,2019-10-28
49.5,2019-10-29
46.7,2019-10-30
43.3,2019-10-31
43.6,2019-11-01
58.9,2019-11-02
54.5,2019-11-03
53.5,2019-11-04
51.5,2019-11-05
47.6,2019-11-06
51.5,2019-11-07
49.8,2019-11-08
47,2019-11-09
46.5,2019-11-10
44.3,2019-11-11
46.4,2019-11-12
43.4,2019-11-13
46.6,2019-11-14
50.1,2019-11-15
48.1,2019-11-16
49.8,2019-11-17
54.3,2019-11-18
47.9,2019-11-19
42.2,2019-11-20
48.9,2019-11-21
50.2,2019-11-22
49.9,2019-11-23
48,2019-11-24
42.5,2019-11-25
45.1,2019-11-26
45.8,2019-11-27
52.7,2019-11-28
48,2019-11-29
41.1,2019-11-30
38,2019-12-01
41.6,2019-12-02
41.1,2019-12-03
43.8,2019-12-04
39.9,2019-12-05
41.6,2019-12-06
48,2019-12-07
51.2,2019-12-08
47.8,2019-12-09
41.3,2019-12-10
39.8,2019-12-11
39.9,2019-12-12
37.3,2019-12-13
40.9,2019-12-14
48,2019-12-15
46.5,2019-12-16
52.5,2019-12-17
58.4,2019-12-18
47.7,2019-12-19
49.2,2019-12-20
47.9,2019-12-21
41.4,2019-12-22
45.8,2019-12-23
44.8,2019-12-24
43,2019-12-25
42.2,2019-12-26
39.2,2019-12-27
35.9,2019-12-28
34.5,2019-12-29
44.5,2019-12-30
45.2,2019-12-31
39.3,2020-01-01
41.6,2020-01-02
43.4,2020-01-03
41.6,2020-01-04
38.8,2020-01-05
41.2,2020-01-06
41.2,2020-01-07
46.1,2020-01-08
49.3,2020-01-09
51.1,2020-01-10
43.1,2020-01-11
44.5,2020-01-12
45.2,2020-01-13
51.1,2020-01-14
53.9,2020-01-15
49.7,2020-01-16
47,2020-01-17
45,2020-01-18
41.6,2020-01-19
38.3,2020-01-20
41.6,2020-01-21
42.5,2020-01-22
41.6,2020-01-23
38,2020-01-24
36.5,2020-01-25
36.1,2020-01-26
47,2020-01-27
47.4,2020-01-28
42.5,2020-01-29
45.8,2020-01-30
51.9,2020-01-31
52.7,2020-02-01
47.2,2020-02-02
49.7,2020-02-03
43.7,2020-02-04
40.7,2020-02-05
42.3,2020-02-06
44.9,2020-02-07
47,2020-02-08
53.5,2020-02-09
54.9,2020-02-10
43.6,2020-02-11
42.7,2020-02-12
42.6,2020-02-13
43.7,2020-02-14
48.4,2020-02-15
60.7,2020-02-16
53.8,2020-02-17
46.5,2020-02-18
44.3,2020-02-19
44.5,2020-02-20
46,2020-02-21
52.6,2020-02-22
45.6,2020-02-23
46.1,2020-02-24
49.7,2020-02-25
39.9,2020-02-26
42.3,2020-02-27
45,2020-02-28
53.3,2020-02-29
49.9,2020-03-01
48.3,2020-03-02
43.9,2020-03-03
46.3,2020-03-04
50.1,2020-03-05
45.6,2020-03-06
44,2020-03-07
49.7,2020-03-08
50,2020-03-09
50.7,2020-03-10
53.9,2020-03-11
54.4,2020-03-12
48.8,2020-03-13
44.2,2020-03-14
52.4,2020-03-15
60,2020-03-16
58.3,2020-03-17
60.3,2020-03-18
56.3,2020-03-19
48,2020-03-20
42.5,2020-03-21
40.8,2020-03-22
40.7,2020-03-23
43.5,2020-03-24
46.5,2020-03-25
49.7,2020-03-26
58.6,2020-03-27
56.4,2020-03-28
41.2,2020-03-29
37.7,2020-03-30
38.9,2020-03-31
47.3,2020-04-01
48.4,2020-04-02
49.9,2020-04-03
52.4,2020-04-04
59.1,2020-04-05
68.2,2020-04-06
65.5,2020-04-07
69.6,2020-04-08
63.7,2020-04-09
58.4,2020-04-10
57.6,2020-04-11
71.3,2020-04-12
49.8,2020-04-13
49.7,2020-04-14
58.2,2020-04-15
62.2,2020-04-16
60.5,2020-04-17
61.1,2020-04-18
55.1,2020-04-19
58.7,2020-04-20
62,2020-04-21
64.7,2020-04-22
68.7,2020-04-23
70.9,2020-04-24
57.6,2020-04-25
63,2020-04-26
71.2,2020-04-27
72.7,2020-04-28
62.8,2020-04-29
63.5,2020-04-30
62.2,2020-05-01
59.7,2020-05-02
58.2,2020-05-03
54.8,2020-05-04
53.4,2020-05-05
60.9,2020-05-06
60.5,2020-05-07
68.8,2020-05-08
71.3,2020-05-09
74.6,2020-05-10
58.3,2020-05-11
52.1,2020-05-12
56.4,2020-05-13
57.3,2020-05-14
58.3,2020-05-15
58.3,2020-05-16
63.7,2020-05-17
70.2,2020-05-18
65.7,2020-05-19
68.1,2020-05-20
67.9,2020-05-21
72.6,2020-05-22
66.4,2020-05-23
61.1,2020-05-24
57,2020-05-25
66.6,2020-05-26
69.5,2020-05-27
66.8,2020-05-28
67.3,2020-05-29
62.7,2020-05-30
70.5,2020-05-31
74.1,2020-06-01
79.5,2020-06-02
75.1,2020-06-03
76.4,2020-06-04
63.2,2020-06-05
65.2,2020-06-06
67,2020-06-07
68.7,2020-06-08
70.8,2020-06-09
70.7,2020-06-10
68.1,2020-06-11
79.1,2020-06-12
82.6,2020-06-13
75.9,2020-06-14
75.6,2020-06-15
78,2020-06-16
81.9,2020-06-17
78.4,2020-06-18
69.2,2020-06-19
66.8,2020-06-20
73.1,2020-06-21
77.3,2020-06-22
74.8,2020-06-23
76.4,2020-06-24
81.3,2020-06-25
81.1,2020-06-26
86.6,2020-06-27
84,2020-06-28
74,2020-06-29
73.3,2020-06-30
72.9,2020-07-01
73.2,2020-07-02
71.7,2020-07-03
77.2,2020-07-04
80.3,2020-07-05
68.5,2020-07-06
66.8,2020-07-07
64.1,2020-07-08
67.7,2020-07-09
77.4,2020-07-10
66.8,2020-07-11
67.6,2020-07-12
72.2,2020-07-13
80.6,2020-07-14
62.7,2020-07-15
68,2020-07-16
69.3,2020-07-17
77.8,2020-07-18
83,2020-07-19
76.6,2020-07-20
71,2020-07-21
70.3,2020-07-22
73.1,2020-07-23
81.8,2020-07-24
76.4,2020-07-25
74.3,2020-07-26
76.7,2020-07-27
81.2,2020-07-28
72.3,2020-07-29
73.7,2020-07-30
79.6,2020-07-31
84,2020-08-01
85.1,2020-08-02
74,2020-08-03
73.5,2020-08-04
81.6,2020-08-05
85.7,2020-08-06
90.3,2020-08-07
95.9,2020-08-08
95.4,2020-08-09
87.7,2020-08-10
88.9,2020-08-11
87.2,2020-08-12
89.1,2020-08-13
82.9,2020-08-14
86.1,2020-08-15
86.9,2020-08-16
86.7,2020-08-17
75,2020-08-18
79.6,2020-08-19
88.2,2020-08-20
96,2020-08-21
78.5,2020-08-22
74.9,2020-08-23
72.4,2020-08-24
73.4,2020-08-25
67.1,2020-08-26
66.6,2020-08-27
70.2,2020-08-28
72.6,2020-08-29
72.8,2020-08-30
70.4,2020-08-31
65,2020-09-01
63.8,2020-09-02
70.1,2020-09-03
70.6,2020-09-04
64.6,2020-09-05
64.7,2020-09-06
64.8,2020-09-07
69.6,2020-09-08
75.5,2020-09-09
65.3,2020-09-10
70.6,2020-09-11
78.6,2020-09-12
74.9,2020-09-13
82.7,2020-09-14
86.6,2020-09-15
84,2020-09-16
65,2020-09-17
66.3,2020-09-18
69.1,2020-09-19
70.4,2020-09-20
75.2,2020-09-21
78.6,2020-09-22
79.5,2020-09-23
71.4,2020-09-24
58.9,2020-09-25
53.5,2020-09-26
52.5,2020-09-27
63.3,2020-09-28
63.9,2020-09-29
64.7,2020-09-30
61.6,2020-10-01
62.5,2020-10-02
70.9,2020-10-03
65.7,2020-10-04
60,2020-10-05
61.1,2020-10-06
60.5,2020-10-07
58.6,2020-10-08
59,2020-10-09
54.2,2020-10-10
52.3,2020-10-11
52.5,2020-10-12
53.6,2020-10-13
50.9,2020-10-14
53.6,2020-10-15
52.4,2020-10-16
52,2020-10-17
49.5,2020-10-18
52.4,2020-10-19
53.3,2020-10-20
61.1,2020-10-21
66.4,2020-10-22
62,2020-10-23
60.9,2020-10-24
62,2020-10-25
54.7,2020-10-26
54.7,2020-10-27
55.6,2020-10-28
51.9,2020-10-29
56.1,2020-10-30
59.2,2020-10-31
57.9,2020-11-01
67.7,2020-11-02
60.2,2020-11-03
51.8,2020-11-04
50.4,2020-11-05
53.2,2020-11-06
51.8,2020-11-07
50.2,2020-11-08
44.8,2020-11-09
45,2020-11-10
45.2,2020-11-11
49.8,2020-11-12
51.4,2020-11-13
56.9,2020-11-14
57.6,2020-11-15
52.9,2020-11-16
51.2,2020-11-17
53.7,2020-11-18
53.7,2020-11-19
42.5,2020-11-20
43.4,2020-11-21
49.8,2020-11-22
47.1,2020-11-23
43.8,2020-11-24
39.5,2020-11-25
45.2,2020-11-26
44.3,2020-11-27
41.7,2020-11-28
41.1,2020-11-29
37.4,2020-11-30
39.2,2020-12-01
35.7,2020-12-02
32.7,2020-12-03
39.1,2020-12-04
45.8,2020-12-05
51.3,2020-12-06
50,2020-12-07
44,2020-12-08
40.1,2020-12-09
32.4,2020-12-10
34.4,2020-12-11
38.9,2020-12-12
39.2,2020-12-13
44.6,2020-12-14
45,2020-12-15
47.7,2020-12-16
46.4,2020-12-17
45.7,2020-12-18
42.6,2020-12-19
40.7,2020-12-20
43.1,2020-12-21
54.8,2020-12-22
49.7,2020-12-23
49.7,2020-12-24
39.1,2020-12-25
35.8,2020-12-26
36.4,2020-12-27
39.8,2020-12-28
39.1,2020-12-29
40.3,2020-12-30
39.3,2020-12-31
35.9,2021-01-01
36.8,2021-01-02
33.5,2021-01-03
34.3,2021-01-04
37.1,2021-01-05
37.1,2021-01-06
35.1,2021-01-07
34.7,2021-01-08
36.3,2021-01-09
34.7,2021-01-10
35.7,2021-01-11
36,2021-01-12
37.4,2021-01-13
36.8,2021-01-14
32.7,2021-01-15
30.1,2021-01-16
31.1,2021-01-17
35.8,2021-01-18
44.1,2021-01-19
46.1,2021-01-20
54.3,2021-01-21
50.4,2021-01-22
36.2,2021-01-23
34.5,2021-01-24
36.4,2021-01-25
36.6,2021-01-26
38.9,2021-01-27
38.3,2021-01-28
31.2,2021-01-29
34.4,2021-01-30
30.8,2021-01-31
33.2,2021-02-01
34.6,2021-02-02
46.4,2021-02-03
36,2021-02-04
33.5,2021-02-05
31.7,2021-02-06
23.1,2021-02-07
19.1,2021-02-08
19.4,2021-02-09
21.7,2021-02-10
26.2,2021-02-11
26.1,2021-02-12
29.9,2021-02-13
24.5,2021-02-14
30.8,2021-02-15
36.2,2021-02-16
44.9,2021-02-17
50.4,2021-02-18
48.8,2021-02-19
54.1,2021-02-20
58.4,2021-02-21
52.4,2021-02-22
61.7,2021-02-23
64.1,2021-02-24
64,2021-02-25
48.4,2021-02-26
45.2,2021-02-27
42.7,2021-02-28
45.2,2021-03-01
51.2,2021-03-02
56,2021-03-03
41.5,2021-03-04
41.9,2021-03-05
38.5,2021-03-06
39.4,2021-03-07
41.4,2021-03-08
42.1,2021-03-09
45.2,2021-03-10
50.4,2021-03-11
49.2,2021-03-12
49.2,2021-03-13
47,2021-03-14
45.9,2021-03-15
44.5,2021-03-16
41.5,2021-03-17
44.1,2021-03-18
39.3,2021-03-19
38,2021-03-20
48.5,2021-03-21
49,2021-03-22
45.7,2021-03-23
52.4,2021-03-24
57.9,2021-03-25
59.1,2021-03-26
50.7,2021-03-27
52.2,2021-03-28
63.9,2021-03-29
67.9,2021-03-30
71.1,2021-03-31
62.5,2021-04-01
53,2021-04-02
48.1,2021-04-03
49.4,2021-04-04
43.3,2021-04-05
42.7,2021-04-06
43.4,2021-04-07
45.2,2021-04-08
54.1,2021-04-09
49.3,2021-04-10
66,2021-04-11
46.3,2021-04-12
47.5,2021-04-13
46.1,2021-04-14
44.8,2021-04-15
50.5,2021-04-16
56.3,2021-04-17
53.6,2021-04-18
61.9,2021-04-19
62.3,2021-04-20
60.5,2021-04-21
50.6,2021-04-22
54.1,2021-04-23
50.3,2021-04-24
49.5,2021-04-25
48.4,2021-04-26
53.3,2021-04-27
61.9,2021-04-28
61.1,2021-04-29
52,2021-04-30
54.7,2021-05-01
53.1,2021-05-02
51.1,2021-05-03
57.5,2021-05-04
54.4,2021-05-05
51.5,2021-05-06
48.1,2021-05-07
56.4,2021-05-08
75.8,2021-05-09
82.5,2021-05-10
80.9,2021-05-11
60.5,2021-05-12
56,2021-05-13
54.2,2021-05-14
63.5,2021-05-15
61.4,2021-05-16
63.6,2021-05-17
58.7,2021-05-18
61.1,2021-05-19
60.8,2021-05-20
66.8,2021-05-21
62.3,2021-05-22
60.2,2021-05-23
68.6,2021-05-24
60.1,2021-05-25
59.5,2021-05-26
59.5,2021-05-27
60.5,2021-05-28
62.2,2021-05-29
65.7,2021-05-30
68.6,2021-05-31
73.1,2021-06-01
74.8,2021-06-02
78.7,2021-06-03
73.7,2021-06-04
81.1,2021-06-05
81.2,2021-06-06
79.4,2021-06-07
78.6,2021-06-08
79.3,2021-06-09
81.4,2021-06-10
80.3,2021-06-11
68.6,2021-06-12
66.2,2021-06-13
78.4,2021-06-14
76.2,2021-06-15
81,2021-06-16
90.8,2021-06-17
92.2,2021-06-18
94.2,2021-06-19
91.4,2021-06-20
87.5,2021-06-21
70.1,2021-06-22
69.2,2021-06-23
68.8,2021-06-24
73.2,2021-06-25
78,2021-06-26
78.6,2021-06-27
85.7,2021-06-28
84.5,2021-06-29
67.4,2021-06-30
63.7,2021-07-01
72.4,2021-07-02
73.5,2021-07-03
76.1,2021-07-04
73.1,2021-07-05
83.5,2021-07-06
71.3,2021-07-07
71.4,2021-07-08
68.6,2021-07-09
74.1,2021-07-10
78.8,2021-07-11
77.4,2021-07-12
82.9,2021-07-13
80,2021-07-14
77.3,2021-07-15
82.5,2021-07-16
79.6,2021-07-17
78.1,2021-07-18
67.4,2021-07-19
68.3,2021-07-20
70.5,2021-07-21
71.4,2021-07-22
75.1,2021-07-23
82.4,2021-07-24
83.6,2021-07-25
83.5,2021-07-26
79.4,2021-07-27
75.3,2021-07-28
75,2021-07-29
78.3,2021-07-30
75.5,2021-07-31
71,2021-08-01
71.1,2021-08-02
69.6,2021-08-03
70.8,2021-08-04
73.1,2021-08-05
74.9,2021-08-06
74,2021-08-07
73.1,2021-08-08
73.7,2021-08-09
71.5,2021-08-10
71.2,2021-08-11
79.7,2021-08-12
83.6,2021-08-13
79.7,2021-08-14
77.7,2021-08-15
74.9,2021-08-16
64.8,2021-08-17
66.5,2021-08-18
69.3,2021-08-19
69,2021-08-20
71.3,2021-08-21
72.1,2021-08-22
69.3,2021-08-23
69.1,2021-08-24
72.2,2021-08-25
62,2021-08-26
61.1,2021-08-27
65.8,2021-08-28
66.3,2021-08-29
62.8,2021-08-30
67.6,2021-08-31
70.4,2021-09-01
69.6,2021-09-02
72.8,2021-09-03
65,2021-09-04
70.8,2021-09-05
71.6,2021-09-06
70.5,2021-09-07
75,2021-09-08
78.5,2021-09-09
77,2021-09-10
72.8,2021-09-11
70.8,2021-09-12
66.8,2021-09-13
70.8,2021-09-14
76.5,2021-09-15
65.3,2021-09-16
62.7,2021-09-17
64.2,2021-09-18
60.4,2021-09-19
59.4,2021-09-20
59.9,2021-09-21
62,2021-09-22
66.4,2021-09-23
63.1,2021-09-24
69.8,2021-09-25
74.9,2021-09-26
70.5,2021-09-27
63,2021-09-28
61.5,2021-09-29
58.4,2021-09-30
63.8,2021-10-01
67.2,2021-10-02
71.3,2021-10-03
63.1,2021-10-04
60.4,2021-10-05
60.9,2021-10-06
62.8,2021-10-07
60.5,2021-10-08
57.8,2021-10-09
56.1,2021-10-10
56.6,2021-10-11
53.3,2021-10-12
53.1,2021-10-13
55.1,2021-10-14
56.8,2021-10-15
52.1,2021-10-16
53.4,2021-10-17
59.8,2021-10-18
60.5,2021-10-19
65.9,2021-10-20
61.5,2021-10-21
50.5,2021-10-22
51.6,2021-10-23
53.5,2021-10-24
52.4,2021-10-25
56.5,2021-10-26
58.7,2021-10-27
59.5,2021-10-28
57.3,2021-10-29
58.4,2021-10-30
62.4,2021-10-31
54.1,2021-11-01
51.8,2021-11-02
50.8,2021-11-03
47.6,2021-11-04
49.5,2021-11-05
52.4,2021-11-06
50.3,2021-11-07
50.5,2021-11-08
51.5,2021-11-09
47,2021-11-10
45.8,2021-11-11
47,2021-11-12
47.1,2021-11-13
43.7,2021-11-14
43.6,2021-11-15
46.8,2021-11-16
45.2,2021-11-17
49.4,2021-11-18
53.7,2021-11-19
51.9,2021-11-20
48.3,2021-11-21
42.3,2021-11-22
44.8,2021-11-23
45.6,2021-11-24
41.3,2021-11-25
42,2021-11-26
37.9,2021-11-27
37.9,2021-11-28
37.4,2021-11-29
42.3,2021-11-30
47,2021-12-01
42.5,2021-12-02
37.5,2021-12-03
36.8,2021-12-04
34.7,2021-12-05
36,2021-12-06
33.8,2021-12-07
32.9,2021-12-08
30.8,2021-12-09
32.6,2021-12-10
32.7,2021-12-11
37.4,2021-12-12
45.4,2021-12-13
45.7,2021-12-14
47.9,2021-12-15
47.7,2021-12-16
43.3,2021-12-17
44.7,2021-12-18
44.3,2021-12-19
38.9,2021-12-20
33,2021-12-21
31.7,2021-12-22
34.4,2021-12-23
38.4,2021-12-24
26.8,2021-12-25
25.7,2021-12-26
31.2,2021-12-27
35.7,2021-12-28
38.7,2021-12-29
53,2021-12-30
55.5,2021-12-31
53.8,2022-01-01
53.1,2022-01-02
49.4,2022-01-03
45.1,2022-01-04
40.2,2022-01-05
37.1,2022-01-06
36.6,2022-01-07
37,2022-01-08
37.6,2022-01-09
39.7,2022-01-10
31,2022-01-11
36.2,2022-01-12
41.8,2022-01-13
44.4,2022-01-14
37.3,2022-01-15
39.8,2022-01-16
42.5,2022-01-17
42.1,2022-01-18
40.2,2022-01-19
39.7,2022-01-20
37.1,2022-01-21
38.8,2022-01-22
43.2,2022-01-23
42,2022-01-24
39.5,2022-01-25
38.8,2022-01-26
42.7,2022-01-27
43.3,2022-01-28
47.5,2022-01-29
44.8,2022-01-30
38.1,2022-01-31
42.4,2022-02-01
43.3,2022-02-02
43.4,2022-02-03
46.6,2022-02-04
41.7,2022-02-05
45.5,2022-02-06
42.7,2022-02-07
47.1,2022-02-08
48.9,2022-02-09
49,2022-02-10
41.7,2022-02-11
40.7,2022-02-12
45.3,2022-02-13
54.3,2022-02-14
47.8,2022-02-15
51.3,2022-02-16
53.4,2022-02-17
50.6,2022-02-18
44.4,2022-02-19
46.6,2022-02-20
48.2,2022-02-21
45.4,2022-02-22
48.2,2022-02-23
50.7,2022-02-24
43.4,2022-02-25
43.8,2022-02-26
42.8,2022-02-27
40.9,2022-02-28
44.1,2022-03-01
43.7,2022-03-02
37.5,2022-03-03
40,2022-03-04
40,2022-03-05
36,2022-03-06
46.2,2022-03-07
47.4,2022-03-08
50.6,2022-03-09
45.9,2022-03-10
44.3,2022-03-11
49.3,2022-03-12
52,2022-03-13
53.7,2022-03-14
53.4,2022-03-15
51.9,2022-03-16
54.2,2022-03-17
53.7,2022-03-18
49.4,2022-03-19
51.8,2022-03-20
54.8,2022-03-21
59.7,2022-03-22
62.4,2022-03-23
58.6,2022-03-24
60.5,2022-03-25
54.7,2022-03-26
58.3,2022-03-27
59.2,2022-03-28
53.3,2022-03-29
46.8,2022-03-30
43.6,2022-03-31
44.7,2022-04-01
41,2022-04-02
44.3,2022-04-03
46.1,2022-04-04
47.6,2022-04-05
53.3,2022-04-06
58,2022-04-07
48,2022-04-08
48.9,2022-04-09
47,2022-04-10
51.8,2022-04-11
59.7,2022-04-12
69,2022-04-13
62.4,2022-04-14
50.5,2022-04-15
53.3,2022-04-16
57.2,2022-04-17
58.4,2022-04-18
56.2,2022-04-19
57.3,2022-04-20
55.4,2022-04-21
55.8,2022-04-22
62.3,2022-04-23
62.1,2022-04-24
56.7,2022-04-25
61.2,2022-04-26
61.5,2022-04-27
61.7,2022-04-28
65.1,2022-04-29
65.5,2022-04-30
61.5,2022-05-01
65.8,2022-05-02
65.3,2022-05-03
66.6,2022-05-04
65,2022-05-05
66.8,2022-05-06
71.6,2022-05-07
66.8,2022-05-08
70.1,2022-05-09
78.8,2022-05-10
81.3,2022-05-11
66.7,2022-05-12
65.4,2022-05-13
67.7,2022-05-14
69.4,2022-05-15
76.2,2022-05-16
70.2,2022-05-17
75.7,2022-05-18
83.4,2022-05-19
75.9,2022-05-20
64,2022-05-21
65.9,2022-05-22
71.7,2022-05-23
71.4,2022-05-24
67.7,2022-05-25
68.7,2022-05-26
64.1,2022-05-27
59.3,2022-05-28
58.7,2022-05-29
60.4,2022-05-30
64.9,2022-05-31
66.2,2022-06-01
65.3,2022-06-02
75.2,2022-06-03
72.6,2022-06-04
81.2,2022-06-05
77.3,2022-06-06
74.3,2022-06-07
76.7,2022-06-08
69.9,2022-06-09
76.9,2022-06-10
79.5,2022-06-11
78.2,2022-06-12
69.4,2022-06-13
66.8,2022-06-14
76.5,2022-06-15
75.1,2022-06-16
76.9,2022-06-17
93.3,2022-06-18
96.1,2022-06-19
62.9,2022-06-20
74.5,2022-06-21
80.2,2022-06-22
85.3,2022-06-23
89.3,2022-06-24
81.4,2022-06-25
85.7,2022-06-26
94,2022-06-27
76.7,2022-06-28
77.1,2022-06-29
81,2022-06-30
79,2022-07-01
78.1,2022-07-02
83.9,2022-07-03
76.6,2022-07-04
76.7,2022-07-05
68.4,2022-07-06
69.7,2022-07-07
67.6,2022-07-08
67.8,2022-07-09
67.4,2022-07-10
72.8,2022-07-11
80.9,2022-07-12
86.9,2022-07-13
76.7,2022-07-14
68.4,2022-07-15
71.1,2022-07-16
73.3,2022-07-17
83,2022-07-18
94.9,2022-07-19
99.9,2022-07-20
83.9,2022-07-21
75.9,2022-07-22
75.2,2022-07-23
81.2,2022-07-24
95.2,2022-07-25
75.9,2022-07-26
68.8,2022-07-27
72.5,2022-07-28
82,2022-07-29
79.1,2022-07-30
82.1,2022-07-31
76,2022-08-01
80.9,2022-08-02
91.5,2022-08-03
98.9,2022-08-04
83.9,2022-08-05
72.2,2022-08-06
74.5,2022-08-07
80.1,2022-08-08
81.2,2022-08-09
83.7,2022-08-10
85.4,2022-08-11
85.5,2022-08-12
83.9,2022-08-13
89.9,2022-08-14
85.2,2022-08-15
84.8,2022-08-16
89.9,2022-08-17
90.4,2022-08-18
76.7,2022-08-19
71,2022-08-20
74.1,2022-08-21
73.1,2022-08-22
77.3,2022-08-23
80,2022-08-24
81.2,2022-08-25
80.5,2022-08-26
73.4,2022-08-27
71.5,2022-08-28
71.1,2022-08-29
69.7,2022-08-30
70.4,2022-08-31
68.6,2022-09-01
69.3,2022-09-02
70.4,2022-09-03
74,2022-09-04
75.1,2022-09-05
71.3,2022-09-06
78,2022-09-07
67.1,2022-09-08
69.7,2022-09-09
70.4,2022-09-10
67.3,2022-09-11
68.5,2022-09-12
67.7,2022-09-13
65.7,2022-09-14
64.1,2022-09-15
61.8,2022-09-16
59.3,2022-09-17
57.9,2022-09-18
59.9,2022-09-19
58.7,2022-09-20
61.3,2022-09-21
60.6,2022-09-22
61.3,2022-09-23
60.5,2022-09-24
63.2,2022-09-25
61.8,2022-09-26
55.1,2022-09-27
53.8,2022-09-28
56.9,2022-09-29
60.9,2022-09-30
56.2,2022-10-01
61,2022-10-02
59.5,2022-10-03
62.9,2022-10-04
66.2,2022-10-05
63.5,2022-10-06
63.1,2022-10-07
60.5,2022-10-08
59.8,2022-10-09
62.5,2022-10-10
59.2,2022-10-11
59.4,2022-10-12
61.7,2022-10-13
61.7,2022-10-14
64.1,2022-10-15
68.1,2022-10-16
75,2022-10-17
61.6,2022-10-18
56.9,2022-10-19
56.2,2022-10-20
59.7,2022-10-21
65.4,2022-10-22
64.6,2022-10-23
67.4,2022-10-24
61.2,2022-10-25
62.6,2022-10-26
66.9,2022-10-27
71.2,2022-10-28
66.5,2022-10-29
69.2,2022-10-30
62.9,2022-10-31
63.1,2022-11-01
58.8,2022-11-02
54.3,2022-11-03
52,2022-11-04
52.8,2022-11-05
52.1,2022-11-06
57.1,2022-11-07
60.3,2022-11-08
58.7,2022-11-09
56,2022-11-10
54.8,2022-11-11
53.6,2022-11-12
51.4,2022-11-13
51.6,2022-11-14
53.5,2022-11-15
44.5,2022-11-16
41.7,2022-11-17
34.6,2022-11-18
35.3,2022-11-19
33.5,2022-11-20
33.5,2022-11-21
36.5,2022-11-22
43.1,2022-11-23
39.8,2022-11-24
43.4,2022-11-25
47,2022-11-26
44.7,2022-11-27
41,2022-11-28
41.3,2022-11-29
41,2022-11-30
33.4,2022-12-01
35.5,2022-12-02
31.9,2022-12-03
35.9,2022-12-04
37.9,2022-12-05
37.1,2022-12-06
38.5,2022-12-07
37.6,2022-12-08
34,2022-12-09
30.7,2022-12-10
29.7,2022-12-11
32.2,2022-12-12
29.4,2022-12-13
28.1,2022-12-14
28.3,2022-12-15
28.8,2022-12-16
28.1,2022-12-17
27.5,2022-12-18
37.8,2022-12-19
45.7,2022-12-20
44.3,2022-12-21
45,2022-12-22
43.4,2022-12-23
45.1,2022-12-24
48.2,2022-12-25
50.2,2022-12-26
42.3,2022-12-27
45.3,2022-12-28
54.2,2022-12-29
49.6,2022-12-30
61.7,2022-12-31
60.5,2023-01-01
57.9,2023-01-02
46.2,2023-01-03
50.6,2023-01-04
49.1,2023-01-05
50.1,2023-01-06
50.4,2023-01-07
47,2023-01-08
46.5,2023-01-09
45.4,2023-01-10
46.4,2023-01-11
49.7,2023-01-12
50.2,2023-01-13
48,2023-01-14
48.5,2023-01-15
44.2,2023-01-16
39.7,2023-01-17
35.3,2023-01-18
35.7,2023-01-19
35.4,2023-01-20
37.6,2023-01-21
35.3,2023-01-22
36.7,2023-01-23
35.7,2023-01-24
35.1,2023-01-25
31.9,2023-01-26
37.6,2023-01-27
35.3,2023-01-28
36.5,2023-01-29
40.7,2023-01-30
41.9,2023-01-31
42,2023-02-01
42.5,2023-02-02
46.6,2023-02-03
38.7,2023-02-04
34.4,2023-02-05
33.4,2023-02-06
33.9,2023-02-07
34.7,2023-02-08
37.3,2023-02-09
42.7,2023-02-10
46,2023-02-11
46.4,2023-02-12
45.6,2023-02-13
44.6,2023-02-14
46.1,2023-02-15
50.3,2023-02-16
53.6,2023-02-17
49.9,2023-02-18
44.4,2023-02-19
49.2,2023-02-20
52.1,2023-02-21
49.9,2023-02-22
51.3,2023-02-23
43.2,2023-02-24
37.1,2023-02-25
37.4,2023-02-26
39,2023-02-27
40.6,2023-02-28
45.2,2023-03-01
41.7,2023-03-02
39,2023-03-03
43,2023-03-04
39.1,2023-03-05
38.7,2023-03-06
40.6,2023-03-07
38.5,2023-03-08
35.7,2023-03-09
49.6,2023-03-10
38.1,2023-03-11
43.2,2023-03-12
59.6,2023-03-13
56.7,2023-03-14
43.7,2023-03-15
47.5,2023-03-16
55.5,2023-03-17
63.2,2023-03-18
59.6,2023-03-19
53.2,2023-03-20
52,2023-03-21
60.5,2023-03-22
58.8,2023-03-23
60.5,2023-03-24
53.4,2023-03-25
51.5,2023-03-26
43.3,2023-03-27
44.6,2023-03-28
51,2023-03-29
62.3,2023-03-30
56,2023-03-31
48.8,2023-04-01
46.1,2023-04-02
38.9,2023-04-03
42.5,2023-04-04
45.1,2023-04-05
49.7,2023-04-06
42.2,2023-04-07
52.9,2023-04-08
54.4,2023-04-09
59.8,2023-04-10
54,2023-04-11
58.3,2023-04-12
55,2023-04-13
47.8,2023-04-14
52.2,2023-04-15
51.2,2023-04-16
52.2,2023-04-17
56.5,2023-04-18
52.7,2023-04-19
58.8,2023-04-20
65.8,2023-04-21
69.3,2023-04-22
61.5,2023-04-23
60.7,2023-04-24
50.9,2023-04-25
49.7,2023-04-26
50.3,2023-04-27
59.9,2023-04-28
58.3,2023-04-29
55.7,2023-04-30
63.3,2023-05-01
55.1,2023-05-02
58.8,2023-05-03
63,2023-05-04
65.4,2023-05-05
51.7,2023-05-06
59.1,2023-05-07
62,2023-05-08
64.5,2023-05-09
70.8,2023-05-10
70.7,2023-05-11
71.1,2023-05-12
71.7,2023-05-13
70,2023-05-14
68,2023-05-15
60.9,2023-05-16
59.1,2023-05-17
59.6,2023-05-18
64.7,2023-05-19
67.4,2023-05-20
79.3,2023-05-21
77.6,2023-05-22
72.4,2023-05-23
59.8,2023-05-24
65.8,2023-05-25
65.8,2023-05-26
67.7,2023-05-27
72.8,2023-05-28
70,2023-05-29
70.9,2023-05-30
75.4,2023-05-31
71.1,2023-06-01
67.5,2023-06-02
67.3,2023-06-03
72.9,2023-06-04
77.5,2023-06-05
77.8,2023-06-06
83,2023-06-07
83,2023-06-08
83.3,2023-06-09
84,2023-06-10
79.4,2023-06-11
77.8,2023-06-12
74.6,2023-06-13
74.7,2023-06-14
73.1,2023-06-15
67.8,2023-06-16
69.5,2023-06-17
76.5,2023-06-18
80.8,2023-06-19
77.8,2023-06-20
82.1,2023-06-21
81.1,2023-06-22
65.8,2023-06-23
76.3,2023-06-24
79.4,2023-06-25
84.8,2023-06-26
68.9,2023-06-27
71.8,2023-06-28
76.7,2023-06-29
70.9,2023-06-30
74.9,2023-07-01
71.2,2023-07-02
70.6,2023-07-03
72.2,2023-07-04
76.6,2023-07-05
72.2,2023-07-06
81.4,2023-07-07
86.2,2023-07-08
88.9,2023-07-09
87.6,2023-07-10
85.4,2023-07-11
81.8,2023-07-12
78.1,2023-07-13
78.6,2023-07-14
94.2,2023-07-15
83.7,2023-07-16
79.5,2023-07-17
75.8,2023-07-18
77.6,2023-07-19
72,2023-07-20
70,2023-07-21
71.1,2023-07-22
82.1,2023-07-23
81.6,2023-07-24
71.4,2023-07-25
67.8,2023-07-26
68,2023-07-27
72.4,2023-07-28
74.8,2023-07-29
74.8,2023-07-30
68.3,2023-07-31
70.1,2023-08-01
72.5,2023-08-02
74,2023-08-03
70.9,2023-08-04
70,2023-08-05
63.8,2023-08-06
66.6,2023-08-07
67.7,2023-08-08
67.9,2023-08-09
68.6,2023-08-10
76.6,2023-08-11
80.5,2023-08-12
78.5,2023-08-13
84.8,2023-08-14
85.5,2023-08-15
80.3,2023-08-16
77.9,2023-08-17
84.8,2023-08-18
87.7,2023-08-19
84,2023-08-20
80.3,2023-08-21
78.3,2023-08-22
79.9,2023-08-23
82.6,2023-08-24
85,2023-08-25
77.3,2023-08-26
70.6,2023-08-27
66.8,2023-08-28
61.9,2023-08-29
67.7,2023-08-30
65,2023-08-31
68.8,2023-09-01
71.3,2023-09-02
69,2023-09-03
75.7,2023-09-04
80.3,2023-09-05
83.1,2023-09-06
83.2,2023-09-07
83.9,2023-09-08
86.3,2023-09-09
86.4,2023-09-10
86.2,2023-09-11
85.4,2023-09-12
74.9,2023-09-13
69.4,2023-09-14
73.3,2023-09-15
77.6,2023-09-16
80.9,2023-09-17
82.1,2023-09-18
69.2,2023-09-19
76.4,2023-09-20
82.2,2023-09-21
67.5,2023-09-22
65,2023-09-23
66.8,2023-09-24
70.7,2023-09-25
75.3,2023-09-26
78.7,2023-09-27
78.4,2023-09-28
74.1,2023-09-29
66.8,2023-09-30
67.9,2023-10-01
76.4,2023-10-02
75.9,2023-10-03
63.2,2023-10-04
61.4,2023-10-05
64.1,2023-10-06
63.5,2023-10-07
57.8,2023-10-08
53.9,2023-10-09
62.3,2023-10-10
72.7,2023-10-11
64,2023-10-12
69.8,2023-10-13
66.1,2023-10-14
51.3,2023-10-15
50.8,2023-10-16
50.8,2023-10-17
53.2,2023-10-18
47,2023-10-19
45.1,2023-10-20
63.1,2023-10-21
60.6,2023-10-22
58.8,2023-10-23
57.6,2023-10-24
56.2,2023-10-25
52.5,2023-10-26
51.7,2023-10-27
53.5,2023-10-28
61.2,2023-10-29
59.6,2023-10-30
55.1,2023-10-31
58,2023-11-01
57.2,2023-11-02
51.9,2023-11-03
52.1,2023-11-04
54.3,2023-11-05
54.7,2023-11-06
53.4,2023-11-07
51.5,2023-11-08
53,2023-11-09
51.5,2023-11-10
48.4,2023-11-11
46.2,2023-11-12
49.8,2023-11-13
54.9,2023-11-14
48.8,2023-11-15
47.5,2023-11-16
42.4,2023-11-17
43.3,2023-11-18
52.8,2023-11-19
51.8,2023-11-20
46.5,2023-11-21
33.5,2023-11-22
51.5,2023-11-23
43.8,2023-11-24
37.4,2023-11-25
33.5,2023-11-26
35,2023-11-27
32.3,2023-11-28
33.5,2023-11-29
30,2023-11-30
26.9,2023-12-01
28.9,2023-12-02
30.3,2023-12-03
30.6,2023-12-04
31.4,2023-12-05
33.1,2023-12-06
33.9,2023-12-07
34.4,2023-12-08
40.4,2023-12-09
44.8,2023-12-10
47.3,2023-12-11
44.1,2023-12-12
41,2023-12-13
38.5,2023-12-14
42.5,2023-12-15
46.1,2023-12-16
49.7,2023-12-17
44.8,2023-12-18
45.2,2023-12-19
43.7,2023-12-20
47.8,2023-12-21
39.9,2023-12-22
37.5,2023-12-23
51.3,2023-12-24
50.8,2023-12-25
49.5,2023-12-26
41.1,2023-12-27
50.3,2023-12-28
51.3,2023-12-29
47,2023-12-30
45.5,2023-12-31
45.3,2024-01-01
46.3,2024-01-02
51.1,2024-01-03
45.2,2024-01-04
33.7,2024-01-05
33.8,2024-01-06
31.4,2024-01-07
25.1,2024-01-08
24.8,2024-01-09
28.8,2024-01-10
31.7,2024-01-11
33.1,2024-01-12
36,2024-01-13
37.2,2024-01-14
36.1,2024-01-15
34,2024-01-16
31.7,2024-01-17
32.9,2024-01-18
35.3,2024-01-19
37.5,2024-01-20
37.5,2024-01-21
47.9,2024-01-22
45.6,2024-01-23
50.7,2024-01-24
47,2024-01-25
48.4,2024-01-26
44.2,2024-01-27
43.5,2024-01-28
46.9,2024-01-29
47,2024-01-30
45.7,2024-01-31
46.1,2024-02-01
46.6,2024-02-02
50.7,2024-02-03
47.2,2024-02-04
49.5,2024-02-05
50.6,2024-02-06
48.6,2024-02-07
40.7,2024-02-08
46.3,2024-02-09
54.4,2024-02-10
50.4,2024-02-11
47.9,2024-02-12
46.9,2024-02-13
48.9,2024-02-14
56,2024-02-15
60.1,2024-02-16
51.7,2024-02-17
48.9,2024-02-18
47.5,2024-02-19
47.7,2024-02-20
51.3,2024-02-21
52.6,2024-02-22
52.1,2024-02-23
50.5,2024-02-24
52.4,2024-02-25
51,2024-02-26
44.6,2024-02-27
41.6,2024-02-28
48.8,2024-02-29
53.8,2024-03-01
52,2024-03-02
56,2024-03-03
54.4,2024-03-04
44.7,2024-03-05
44.9,2024-03-06
45.7,2024-03-07
45.8,2024-03-08
48.8,2024-03-09
53.5,2024-03-10
56.6,2024-03-11
56.1,2024-03-12
56.1,2024-03-13
57.8,2024-03-14
63,2024-03-15
54.2,2024-03-16
46.9,2024-03-17
42.9,2024-03-18
47.5,2024-03-19
60.7,2024-03-20
57.6,2024-03-21
55.5,2024-03-22
47.2,2024-03-23
43.5,2024-03-24
48.8,2024-03-25
55.2,2024-03-26
62.7,2024-03-27
56.1,2024-03-28
58.1,2024-03-29
71.2,2024-03-30
66.2,2024-03-31
66.9,2024-04-01
56.4,2024-04-02
52.7,2024-04-03
57.6,2024-04-04
65.9,2024-04-05
71.3,2024-04-06
71.9,2024-04-07
78,2024-04-08
77.9,2024-04-09
56.4,2024-04-10
60.4,2024-04-11
66.4,2024-04-12
69.8,2024-04-13
63.2,2024-04-14
55.9,2024-04-15
49.1,2024-04-16
50.7,2024-04-17
51.1,2024-04-18
46,2024-04-19
46.8,2024-04-20
46.9,2024-04-21
43.2,2024-04-22
46.9,2024-04-23
50.9,2024-04-24
48.5,2024-04-25
55.8,2024-04-26
66.2,2024-04-27
72.6,2024-04-28
67.9,2024-04-29
79.5,2024-04-30
76.8,2024-05-01
75.7,2024-05-02
72.4,2024-05-03
66.4,2024-05-04
66.4,2024-05-05
65.4,2024-05-06
60.5,2024-05-07
63.8,2024-05-08
65.8,2024-05-09
69.7,2024-05-10
66.7,2024-05-11
68.1,2024-05-12
73,2024-05-13
75.4,2024-05-14
78.3,2024-05-15
77.9,2024-05-16
76.7,2024-05-17
69.5,2024-05-18
69.3,2024-05-19
67.7,2024-05-20
77.9,2024-05-21
78.1,2024-05-22
71.1,2024-05-23
73.8,2024-05-24
73,2024-05-25
74.6,2024-05-26
72.7,2024-05-27
64.2,2024-05-28
71.3,2024-05-29
69.9,2024-05-30
72.2,2024-05-31
76.3,2024-06-01
71.8,2024-06-02
63.4,2024-06-03
66.4,2024-06-04
68.5,2024-06-05
66.9,2024-06-06
67.1,2024-06-07
74.7,2024-06-08
69.4,2024-06-09
65.2,2024-06-10
62.6,2024-06-11
62.1,2024-06-12
63.3,2024-06-13
65.4,2024-06-14
71.2,2024-06-15
73.5,2024-06-16
75.3,2024-06-17
78.9,2024-06-18
67.1,2024-06-19
72,2024-06-20
81.6,2024-06-21
71.4,2024-06-22
70.9,2024-06-23
74.2,2024-06-24
78.4,2024-06-25
83.8,2024-06-26
84.1,2024-06-27
81.5,2024-06-28
83.9,2024-06-29
82.3,2024-06-30
70.2,2024-07-01
62.3,2024-07-02
63.6,2024-07-03
68.3,2024-07-04
68.8,2024-07-05
85.4,2024-07-06
72.2,2024-07-07
77,2024-07-08
87.1,2024-07-09
87.5,2024-07-10
78.4,2024-07-11
79.8,2024-07-12
74.1,2024-07-13
76.2,2024-07-14
84.2,2024-07-15
80.9,2024-07-16
74.7,2024-07-17
78.9,2024-07-18
83.1,2024-07-19
86.6,2024-07-20
90,2024-07-21
76.5,2024-07-22
81.2,2024-07-23
74.2,2024-07-24
73.4,2024-07-25
78.2,2024-07-26
74,2024-07-27
71.4,2024-07-28
73.6,2024-07-29
79.3,2024-07-30
83.1,2024-07-31
79.9,2024-08-01
69.9,2024-08-02
76,2024-08-03
73.1,2024-08-04
71.9,2024-08-05
77.1,2024-08-06
83.9,2024-08-07
74.1,2024-08-08
78.1,2024-08-09
79.2,2024-08-10
77.2,2024-08-11
80.3,2024-08-12
85.8,2024-08-13
91.3,2024-08-14
82.4,2024-08-15
84.5,2024-08-16
85,2024-08-17
76.3,2024-08-18
73.1,2024-08-19
81.1,2024-08-20
73.4,2024-08-21
76.6,2024-08-22
86.9,2024-08-23
89.3,2024-08-24
77.2,2024-08-25
77,2024-08-26
80.2,2024-08-27
86.5,2024-08-28
93.5,2024-08-29
82.4,2024-08-30
74.5,2024-08-31
76.6,2024-09-01
79.4,2024-09-02
90.6,2024-09-03
92.7,2024-09-04
87.5,2024-09-05
84.4,2024-09-06
87.6,2024-09-07
88.7,2024-09-08
74.7,2024-09-09
66.2,2024-09-10
62.6,2024-09-11
59.9,2024-09-12
59.1,2024-09-13
63.5,2024-09-14
64.6,2024-09-15
66.1,2024-09-16
76.5,2024-09-17
77.6,2024-09-18
74.7,2024-09-19
73.1,2024-09-20
73.2,2024-09-21
75.1,2024-09-22
75.7,2024-09-23
63.8,2024-09-24
66.5,2024-09-25
67,2024-09-26
66.9,2024-09-27
59.5,2024-09-28
57.7,2024-09-29
59.2,2024-09-30
55.9,2024-10-01
51.8,2024-10-02
57.4,2024-10-03
58.1,2024-10-04
58,2024-10-05
54.7,2024-10-06
60.8,2024-10-07
69.7,2024-10-08
66.8,2024-10-09
65.5,2024-10-10
54.7,2024-10-11
55.9,2024-10-12
53.3,2024-10-13
53.3,2024-10-14
53.6,2024-10-15
56.8,2024-10-16
61.1,2024-10-17
63.6,2024-10-18
65.6,2024-10-19
61.9,2024-10-20
65.9,2024-10-21
64.4,2024-10-22
58.1,2024-10-23
56.9,2024-10-24
61.5,2024-10-25
62.1,2024-10-26
60.3,2024-10-27
46.1,2024-10-28