latitude,longitude,elevation,utc_offset_seconds,timezone,timezone_abbreviation
52.54833,13.407822,38.0,0,GMT,GMT

time,weather_code (wmo code),temperature_2m_max (°F),temperature_2m_min (°F),temperature_2m_mean (°F),apparent_temperature_max (°F),apparent_temperature_min (°F),apparent_temperature_mean (°F),sunrise (iso8601),sunset (iso8601),daylight_duration (s),sunshine_duration (s),precipitation_sum (inch),rain_sum (inch),snowfall_sum (inch),precipitation_hours (h),wind_speed_10m_max (mp/h),wind_gusts_10m_max (mp/h),wind_direction_10m_dominant (°),shortwave_radiation_sum (MJ/m²),et0_fao_evapotranspiration (inch)
2023-10-20,55,45.1,41.3,43.1,39.8,31.0,34.6,2023-10-20T05:40,2023-10-20T16:01,37259.65,0.00,0.280,0.280,0.000,18.0,19.0,33.6,79,1.38,0.011
2023-10-21,3,63.1,43.0,51.2,61.0,36.7,47.4,2023-10-21T05:42,2023-10-21T15:59,37023.39,31130.57,0.000,0.000,0.000,0.0,14.2,28.6,167,6.90,0.039
2023-10-22,55,60.6,47.7,54.8,56.8,44.1,51.6,2023-10-22T05:44,2023-10-22T15:57,36788.83,29660.60,0.055,0.055,0.000,2.0,10.3,19.5,215,8.08,0.050
2023-10-23,51,58.8,46.8,52.2,57.3,44.0,49.7,2023-10-23T05:46,2023-10-23T15:55,36556.18,28795.94,0.012,0.012,0.000,2.0,8.0,13.2,213,7.68,0.040
2023-10-24,61,57.6,49.9,53.0,55.3,45.3,50.5,2023-10-24T05:47,2023-10-24T15:53,36325.63,0.00,0.354,0.354,0.000,10.0,11.0,19.0,109,2.86,0.021
2023-10-25,51,56.2,48.3,51.1,54.7,44.5,48.2,2023-10-25T05:49,2023-10-25T15:51,36097.06,23310.83,0.004,0.004,0.000,1.0,10.4,18.3,173,6.56,0.034
2023-10-26,61,52.5,47.0,49.7,49.3,44.3,46.6,2023-10-26T05:51,2023-10-26T15:49,35868.48,0.00,0.256,0.256,0.000,10.0,10.5,18.1,50,2.36,0.016
2023-10-27,61,51.7,47.4,49.1,47.8,44.3,46.2,2023-10-27T05:53,2023-10-27T15:47,35639.73,0.00,0.291,0.291,0.000,13.0,7.9,15.0,78,2.03,0.015
2023-10-28,53,53.5,47.4,49.5,51.6,43.8,46.8,2023-10-28T05:55,2023-10-28T15:45,35411.00,4475.84,0.189,0.189,0.000,13.0,7.1,13.9,155,3.42,0.020
2023-10-29,61,61.2,47.1,54.0,54.9,43.0,48.5,2023-10-29T05:56,2023-10-29T15:43,35182.50,4383.84,0.201,0.201,0.000,11.0,16.9,30.0,194,3.57,0.041
2023-10-30,3,59.6,52.2,55.1,57.0,46.8,51.0,2023-10-30T05:58,2023-10-30T15:41,34954.43,12570.26,0.000,0.000,0.000,0.0,14.5,25.7,200,5.14,0.044
2023-10-31,53,55.1,46.1,51.9,51.0,39.9,46.1,2023-10-31T06:00,2023-10-31T15:39,34726.99,13507.52,0.146,0.146,0.000,12.0,21.4,38.5,254,4.19,0.037
2023-11-01,51,58.0,43.7,50.5,53.4,39.1,46.4,2023-11-01T06:02,2023-11-01T15:37,34500.42,22065.50,0.012,0.012,0.000,2.0,11.7,21.7,180,5.32,0.032
2023-11-02,53,57.2,47.1,52.3,51.5,41.5,46.8,2023-11-02T06:04,2023-11-02T15:35,34274.93,15044.85,0.161,0.161,0.000,6.0,14.4,25.1,156,4.15,0.041
2023-11-03,3,51.9,46.2,49.2,47.6,41.5,44.4,2023-11-03T06:06,2023-11-03T15:33,34050.75,5913.43,0.000,0.000,0.000,0.0,11.1,19.0,229,3.83,0.029
2023-11-04,53,52.1,44.1,47.9,43.7,36.8,40.0,2023-11-04T06:08,2023-11-04T15:31,33828.11,26681.19,0.067,0.067,0.000,3.0,15.4,28.0,190,5.70,0.057
2023-11-05,63,54.3,46.6,49.7,48.7,39.6,42.9,2023-11-05T06:09,2023-11-05T15:30,33607.26,11511.23,0.335,0.335,0.000,11.0,18.3,32.9,204,3.16,0.033
2023-11-06,61,54.7,47.3,50.6,46.7,39.5,42.2,2023-11-06T06:11,2023-11-06T15:28,33388.45,27305.74,0.098,0.098,0.000,4.0,19.7,36.0,242,5.01,0.063
2023-11-07,3,53.4,44.0,48.2,47.1,37.8,41.5,2023-11-07T06:13,2023-11-07T15:26,33171.93,27168.48,0.000,0.000,0.000,0.0,15.5,27.5,225,5.48,0.039
2023-11-08,61,51.5,42.8,46.1,43.8,35.9,39.2,2023-11-08T06:15,2023-11-08T15:24,32957.96,13819.63,0.055,0.055,0.000,2.0,15.8,28.9,229,3.67,0.031
2023-11-09,51,53.0,43.0,48.7,45.3,36.2,41.6,2023-11-09T06:17,2023-11-09T15:23,32746.82,9377.21,0.012,0.012,0.000,2.0,13.6,23.9,197,2.84,0.047
2023-11-10,51,51.5,40.3,46.1,44.8,34.6,40.2,2023-11-10T06:19,2023-11-10T15:21,32538.79,24517.97,0.008,0.008,0.000,2.0,12.1,22.4,202,4.81,0.028
2023-11-11,51,48.4,37.7,42.1,43.8,32.1,37.1,2023-11-11T06:20,2023-11-11T15:19,32334.14,25054.09,0.028,0.028,0.000,3.0,7.3,12.5,216,5.39,0.023
2023-11-12,53,46.2,38.5,41.9,41.3,32.7,37.2,2023-11-12T06:22,2023-11-12T15:18,32133.17,10557.90,0.043,0.043,0.000,5.0,9.9,18.1,238,2.73,0.014
2023-11-13,61,49.8,35.1,42.3,42.6,29.7,36.2,2023-11-13T06:24,2023-11-13T15:16,31936.19,25730.48,0.177,0.177,0.000,5.0,15.5,26.6,186,4.85,0.023
2023-11-14,51,54.9,48.0,51.1,44.3,39.6,42.6,2023-11-14T06:26,2023-11-14T15:15,31743.13,20131.21,0.039,0.039,0.000,7.0,22.4,45.2,246,3.86,0.051
2023-11-15,53,48.8,40.5,45.6,43.4,36.0,39.5,2023-11-15T06:27,2023-11-15T15:13,31551.99,0.00,0.087,0.087,0.000,7.0,15.2,26.4,272,1.91,0.018
2023-11-16,53,47.5,35.2,42.9,39.1,29.2,36.3,2023-11-16T06:29,2023-11-16T15:12,31362.63,19934.80,0.079,0.079,0.000,5.0,15.3,28.0,245,3.94,0.024
2023-11-17,3,42.4,33.9,39.3,33.9,26.5,30.8,2023-11-17T06:31,2023-11-17T15:11,31175.29,0.00,0.000,0.000,0.000,0.0,16.3,29.5,280,1.58,0.019
2023-11-18,51,43.3,35.3,39.0,37.9,29.0,32.8,2023-11-18T06:33,2023-11-18T15:09,30990.19,22235.04,0.008,0.008,0.000,2.0,11.1,18.8,243,3.60,0.016
2023-11-19,73,52.8,38.9,45.8,45.9,30.5,38.9,2023-11-19T06:34,2023-11-19T15:08,30807.59,17728.78,0.350,0.319,0.220,17.0,16.0,28.9,219,2.96,0.020
2023-11-20,63,51.8,46.7,48.7,49.0,42.2,45.6,2023-11-20T06:36,2023-11-20T15:07,30627.72,6281.70,0.650,0.650,0.000,21.0,10.2,18.3,264,2.11,0.012
2023-11-21,71,46.5,30.8,37.7,43.5,22.4,30.4,2023-11-21T06:38,2023-11-21T15:05,30450.86,0.00,0.043,0.043,0.028,3.0,11.2,20.6,22,1.03,0.015
2023-11-22,3,33.5,24.6,30.1,27.5,18.0,22.6,2023-11-22T06:40,2023-11-22T15:04,30277.25,20687.63,0.000,0.000,0.000,0.0,14.9,24.4,191,4.72,0.020
2023-11-23,71,51.5,34.4,46.2,40.7,22.6,35.5,2023-11-23T06:41,2023-11-23T15:03,30107.17,0.00,0.193,0.189,0.028,10.0,26.2,49.4,257,0.88,0.034
2023-11-24,75,43.8,33.2,38.3,32.6,24.2,28.0,2023-11-24T06:43,2023-11-24T15:02,29940.90,18451.93,0.173,0.028,1.020,7.0,21.5,37.8,285,3.59,0.029
2023-11-25,73,37.4,30.6,33.6,30.5,22.1,25.4,2023-11-25T06:45,2023-11-25T15:01,29778.70,16282.92,0.016,0.004,0.083,2.0,13.4,23.5,304,3.65,0.017
2023-11-26,3,33.5,26.6,29.3,26.9,19.0,22.1,2023-11-26T06:46,2023-11-26T15:00,29620.88,23473.12,0.000,0.000,0.000,0.0,8.7,16.1,286,4.21,0.014
2023-11-27,73,35.0,27.4,31.8,27.7,21.2,24.0,2023-11-27T06:48,2023-11-27T14:59,29467.71,0.00,0.102,0.004,0.689,11.0,13.7,23.5,98,0.95,0.012
2023-11-28,73,32.3,22.1,28.7,23.6,14.9,20.3,2023-11-28T06:49,2023-11-28T14:58,29319.49,8078.87,0.063,0.000,0.441,9.0,14.1,24.6,35,2.73,0.013
2023-11-29,73,33.5,25.5,30.6,24.1,16.9,21.0,2023-11-29T06:51,2023-11-29T14:57,29176.53,3600.00,0.118,0.000,0.827,15.0,14.8,25.3,208,1.55,0.016
2023-11-30,3,30.0,17.8,23.6,24.9,9.2,16.2,2023-11-30T06:52,2023-11-30T14:56,29039.13,22843.74,0.000,0.000,0.000,0.0,9.9,19.0,155,4.12,0.010
2023-12-01,3,26.9,18.2,22.2,21.0,11.2,15.3,2023-12-01T06:54,2023-12-01T14:56,28907.59,21045.09,0.000,0.000,0.000,0.0,5.5,8.9,5,3.93,0.008
2023-12-02,3,28.9,23.6,26.1,21.7,17.0,18.7,2023-12-02T06:55,2023-12-02T14:55,28782.23,259.69,0.000,0.000,0.000,0.0,9.3,15.9,304,1.83,0.006
2023-12-03,3,30.3,22.0,26.8,23.0,14.2,19.4,2023-12-03T06:57,2023-12-03T14:54,28663.36,18387.71,0.000,0.000,0.000,0.0,8.3,15.4,265,3.18,0.008
2023-12-04,3,30.6,22.8,26.8,21.7,14.6,18.3,2023-12-04T06:58,2023-12-04T14:54,28551.03,436.39,0.000,0.000,0.000,0.0,11.4,19.2,132,2.21,0.011
2023-12-05,71,31.4,25.7,29.4,22.9,15.9,20.1,2023-12-05T06:59,2023-12-05T14:53,28443.91,0.00,0.031,0.004,0.193,7.0,12.7,21.9,113,1.09,0.010
2023-12-06,71,33.1,30.8,32.2,27.5,22.5,25.3,2023-12-06T07:00,2023-12-06T14:53,28341.88,0.00,0.079,0.039,0.276,11.0,9.6,16.6,141,0.85,0.005
2023-12-07,3,33.9,30.4,32.3,28.7,24.5,27.0,2023-12-07T07:02,2023-12-07T14:53,28245.10,0.00,0.000,0.000,0.000,0.0,5.7,8.9,204,0.97,0.005
2023-12-08,73,34.4,30.5,32.7,27.1,21.9,24.8,2023-12-08T07:03,2023-12-08T14:52,28153.71,7272.26,0.067,0.004,0.441,4.0,13.2,23.7,131,2.06,0.008
2023-12-09,53,40.4,33.4,36.1,34.3,25.9,29.4,2023-12-09T07:04,2023-12-09T14:52,28067.84,14355.55,0.047,0.047,0.000,4.0,12.9,21.9,167,2.47,0.008
2023-12-10,71,44.8,34.2,40.9,36.3,26.4,33.0,2023-12-10T07:05,2023-12-10T14:52,27987.66,2234.91,0.323,0.315,0.055,16.0,17.0,28.9,212,0.95,0.012
2023-12-11,63,47.3,41.6,44.7,41.0,33.5,37.6,2023-12-11T07:06,2023-12-11T14:52,27913.28,6548.16,0.669,0.669,0.000,16.0,17.2,30.9,241,1.54,0.012
2023-12-12,51,44.1,37.1,41.4,40.2,30.1,36.6,2023-12-12T07:07,2023-12-12T14:51,27844.86,8744.88,0.063,0.063,0.000,8.0,12.8,24.8,234,1.23,0.007
2023-12-13,61,41.0,37.3,39.5,36.2,30.0,33.4,2023-12-13T07:08,2023-12-13T14:51,27782.52,0.00,0.390,0.390,0.000,15.0,12.3,21.0,92,0.75,0.006
2023-12-14,53,38.5,34.3,36.8,32.5,29.7,30.9,2023-12-14T07:09,2023-12-14T14:51,27726.42,0.00,0.035,0.035,0.000,4.0,9.5,16.6,31,0.73,0.006
2023-12-15,51,42.5,31.6,37.5,36.1,25.1,31.5,2023-12-15T07:10,2023-12-15T14:52,27676.65,0.00,0.020,0.020,0.000,3.0,10.3,17.7,250,1.10,0.006
2023-12-16,51,46.1,40.9,44.2,38.3,33.7,37.0,2023-12-16T07:11,2023-12-16T14:52,27633.37,14835.17,0.004,0.004,0.000,1.0,14.9,25.5,253,2.34,0.019
2023-12-17,3,49.7,43.6,46.2,42.1,35.2,38.6,2023-12-17T07:12,2023-12-17T14:52,27596.68,2061.35,0.000,0.000,0.000,0.0,14.7,25.5,250,1.21,0.021
2023-12-18,3,44.8,41.2,43.2,37.5,33.2,35.2,2023-12-18T07:13,2023-12-18T14:52,27566.71,0.00,0.000,0.000,0.000,0.0,14.0,23.7,251,0.73,0.022
2023-12-19,55,45.2,42.4,44.5,37.8,33.9,37.0,2023-12-19T07:13,2023-12-19T14:52,27543.57,0.00,0.311,0.311,0.000,14.0,13.2,22.8,242,0.36,0.020
2023-12-20,61,43.7,39.3,41.5,37.7,30.1,33.0,2023-12-20T07:14,2023-12-20T14:53,27527.36,0.00,0.232,0.232,0.000,15.0,20.8,39.6,253,1.12,0.012
2023-12-21,73,47.8,38.9,44.1,37.8,25.4,33.7,2023-12-21T07:15,2023-12-21T14:53,27518.19,0.00,0.673,0.657,0.110,18.0,23.5,44.7,253,0.41,0.020
2023-12-22,73,39.9,34.0,37.1,27.0,22.4,24.9,2023-12-22T07:15,2023-12-22T14:54,27516.16,21851.14,0.098,0.035,0.441,6.0,24.7,48.5,276,3.36,0.036
2023-12-23,73,37.5,32.9,35.5,29.8,21.3,25.9,2023-12-23T07:15,2023-12-23T14:54,27521.35,0.00,0.130,0.083,0.331,13.0,17.8,34.2,279,0.92,0.014
2023-12-24,73,51.3,33.8,45.1,42.9,27.4,37.3,2023-12-24T07:16,2023-12-24T14:55,27533.87,0.00,0.480,0.421,0.413,22.0,19.6,38.3,245,0.47,0.013
2023-12-25,61,50.8,46.4,48.6,43.6,39.7,41.3,2023-12-25T07:16,2023-12-25T14:55,27553.79,18000.00,0.240,0.240,0.000,9.0,17.5,37.1,261,2.62,0.023
2023-12-26,63,49.5,39.3,46.5,44.4,29.9,38.5,2023-12-26T07:16,2023-12-26T14:56,27581.01,19519.77,0.634,0.634,0.000,13.0,20.2,36.7,262,3.02,0.026
2023-12-27,3,41.1,35.0,38.8,35.9,28.1,31.5,2023-12-27T07:17,2023-12-27T14:57,27615.41,21455.46,0.000,0.000,0.000,0.0,13.9,25.7,216,3.31,0.016
2023-12-28,3,50.3,41.4,46.5,41.4,33.7,37.8,2023-12-28T07:17,2023-12-28T14:58,27656.83,18227.00,0.000,0.000,0.000,0.0,16.1,28.4,227,3.17,0.049
2023-12-29,61,51.3,45.4,48.0,42.3,36.4,39.2,2023-12-29T07:17,2023-12-29T14:59,27705.14,10800.00,0.276,0.276,0.000,8.0,18.9,32.7,232,2.30,0.043
2023-12-30,61,47.0,39.6,42.7,37.5,31.9,35.0,2023-12-30T07:17,2023-12-30T14:59,27760.18,21439.88,0.098,0.098,0.000,5.0,18.5,36.7,249,3.04,0.021
2023-12-31,61,45.5,37.3,41.9,39.2,30.9,35.4,2023-12-31T07:17,2023-12-31T15:00,27821.82,7979.87,0.063,0.063,0.000,3.0,11.6,19.5,161,2.08,0.016
2024-01-01,53,45.3,38.2,41.4,39.3,30.9,34.4,2024-01-01T07:17,2024-01-01T15:02,27889.87,17859.23,0.075,0.075,0.000,7.0,12.2,22.4,220,2.29,0.016
2024-01-02,73,46.3,36.5,40.5,39.6,29.8,34.0,2024-01-02T07:17,2024-01-02T15:03,27964.20,0.00,0.402,0.386,0.110,15.0,12.5,22.1,164,0.59,0.007
2024-01-03,63,51.1,44.6,47.8,43.3,37.8,39.9,2024-01-03T07:16,2024-01-03T15:04,28044.64,3789.20,0.366,0.366,0.000,13.0,17.3,29.8,229,1.70,0.031
2024-01-04,51,45.2,28.1,38.3,38.3,21.3,30.1,2024-01-04T07:16,2024-01-04T15:05,28131.02,0.00,0.102,0.102,0.000,14.0,20.6,38.5,272,1.00,0.012
2024-01-05,73,33.7,31.3,32.9,26.7,22.7,24.9,2024-01-05T07:16,2024-01-05T15:06,28223.18,0.00,0.213,0.055,1.102,14.0,13.2,22.8,95,0.45,0.006
2024-01-06,71,33.8,28.8,31.0,26.0,19.2,22.2,2024-01-06T07:16,2024-01-06T15:07,28320.94,0.00,0.051,0.000,0.386,10.0,11.4,20.1,66,0.71,0.011
2024-01-07,73,31.4,18.2,26.3,22.7,8.1,16.6,2024-01-07T07:15,2024-01-07T15:09,28424.14,5344.28,0.020,0.000,0.138,2.0,14.0,24.2,38,1.39,0.020
2024-01-08,3,25.1,15.5,19.6,14.8,4.7,9.5,2024-01-08T07:15,2024-01-08T15:10,28532.62,23225.03,0.000,0.000,0.000,0.0,13.6,23.9,51,4.13,0.021
2024-01-09,0,24.8,13.1,17.9,16.7,5.4,9.8,2024-01-09T07:14,2024-01-09T15:11,28646.20,23340.53,0.000,0.000,0.000,0.0,5.4,10.1,72,4.20,0.015
2024-01-10,1,28.8,16.1,20.2,20.6,7.9,12.2,2024-01-10T07:14,2024-01-10T15:13,28764.70,23453.27,0.000,0.000,0.000,0.0,5.8,11.9,68,4.22,0.016
2024-01-11,3,31.7,19.5,27.7,25.1,12.1,19.9,2024-01-11T07:13,2024-01-11T15:14,28887.98,0.00,0.000,0.000,0.000,0.0,11.0,19.7,290,1.36,0.007
2024-01-12,3,33.1,29.1,31.1,25.0,21.6,23.4,2024-01-12T07:12,2024-01-12T15:16,29015.85,0.00,0.000,0.000,0.000,0.0,10.8,19.2,268,1.36,0.006
2024-01-13,53,36.0,33.0,35.0,26.9,24.1,25.4,2024-01-13T07:11,2024-01-13T15:17,29148.43,0.00,0.110,0.110,0.000,17.0,18.0,31.3,259,0.68,0.007
2024-01-14,73,37.2,33.7,35.1,27.5,23.2,25.4,2024-01-14T07:11,2024-01-14T15:19,29287.17,0.00,0.154,0.110,0.303,15.0,16.0,29.3,259,1.40,0.008
2024-01-15,73,36.1,24.5,33.0,24.9,17.2,22.4,2024-01-15T07:10,2024-01-15T15:20,29432.02,13422.91,0.035,0.012,0.165,7.0,21.9,40.0,265,2.74,0.019
2024-01-16,73,34.0,25.5,30.1,23.9,17.6,22.1,2024-01-16T07:09,2024-01-16T15:22,29582.68,7794.81,0.122,0.000,0.854,10.0,13.9,24.6,252,2.30,0.013
2024-01-17,73,31.7,23.8,27.5,23.6,14.5,19.7,2024-01-17T07:08,2024-01-17T15:23,29738.81,12968.04,0.094,0.000,0.661,7.0,9.7,16.1,168,3.29,0.013
2024-01-18,3,32.9,22.7,26.9,26.0,14.3,19.6,2024-01-18T07:07,2024-01-18T15:25,29900.10,13052.84,0.000,0.000,0.000,0.0,8.2,13.9,291,3.57,0.012
2024-01-19,3,35.3,23.1,30.0,24.6,14.4,19.6,2024-01-19T07:06,2024-01-19T15:27,30066.22,24847.46,0.000,0.000,0.000,0.0,15.2,29.5,251,4.59,0.024
2024-01-20,3,37.5,26.2,32.9,27.5,18.2,22.8,2024-01-20T07:05,2024-01-20T15:29,30236.89,18846.26,0.000,0.000,0.000,0.0,16.6,32.2,251,3.91,0.024
2024-01-21,3,37.5,23.4,30.8,25.5,14.6,20.4,2024-01-21T07:04,2024-01-21T15:30,30411.80,2035.18,0.000,0.000,0.000,0.0,17.5,29.3,193,2.86,0.039
2024-01-22,55,47.9,35.3,42.4,37.6,25.6,32.2,2024-01-22T07:02,2024-01-22T15:32,30590.65,1224.88,0.122,0.122,0.000,9.0,20.9,36.0,221,1.79,0.032
2024-01-23,51,45.6,36.5,40.2,36.8,27.8,30.9,2024-01-23T07:01,2024-01-23T15:34,30773.16,15802.54,0.020,0.020,0.000,2.0,19.1,33.1,245,3.20,0.024
2024-01-24,61,50.7,40.7,46.7,40.1,30.9,35.4,2024-01-24T07:00,2024-01-24T15:36,30959.05,23580.12,0.217,0.217,0.000,11.0,26.2,47.6,256,3.62,0.044
2024-01-25,51,47.0,39.9,43.6,36.8,30.4,33.7,2024-01-25T06:58,2024-01-25T15:37,31148.04,26011.02,0.008,0.008,0.000,2.0,22.0,41.4,284,4.06,0.042
2024-01-26,61,48.4,35.9,41.3,40.4,28.1,33.1,2024-01-26T06:57,2024-01-26T15:39,31339.86,385.03,0.138,0.138,0.000,5.0,21.2,38.7,249,1.55,0.021
2024-01-27,3,44.2,34.2,39.3,36.7,26.7,30.8,2024-01-27T06:56,2024-01-27T15:41,31534.26,7207.62,0.000,0.000,0.000,0.0,17.8,31.1,280,2.55,0.024
2024-01-28,3,43.5,28.0,34.7,37.1,21.4,27.9,2024-01-28T06:54,2024-01-28T15:43,31730.98,26765.00,0.000,0.000,0.000,0.0,8.7,15.0,163,5.75,0.021
2024-01-29,3,46.9,31.7,37.6,40.5,23.5,30.2,2024-01-29T06:53,2024-01-29T15:45,31929.77,26827.39,0.000,0.000,0.000,0.0,9.3,16.1,178,5.61,0.034
2024-01-30,51,47.0,33.5,40.2,40.4,26.9,33.8,2024-01-30T06:51,2024-01-30T15:47,32130.39,22168.25,0.004,0.004,0.000,1.0,10.1,16.6,206,4.55,0.024
2024-01-31,3,45.7,34.9,40.9,37.8,27.1,33.2,2024-01-31T06:50,2024-01-31T15:49,32332.62,0.00,0.000,0.000,0.000,0.0,13.6,23.0,249,1.99,0.023
2024-02-01,53,46.1,36.8,42.5,37.1,27.5,33.1,2024-02-01T06:48,2024-02-01T15:50,32536.21,25200.00,0.083,0.083,0.000,7.0,18.1,35.8,270,5.34,0.043
2024-02-02,51,46.6,38.9,42.5,37.7,30.5,33.7,2024-02-02T06:47,2024-02-02T15:52,32741.34,0.00,0.051,0.051,0.000,8.0,18.4,31.8,257,1.19,0.025
2024-02-03,51,50.7,44.3,48.2,42.4,36.5,40.0,2024-02-03T06:45,2024-02-03T15:54,32950.04,2679.88,0.106,0.106,0.000,15.0,21.1,36.9,267,1.96,0.023
2024-02-04,55,47.2,41.6,44.5,38.3,33.2,35.3,2024-02-04T06:43,2024-02-04T15:56,33162.39,13369.18,0.067,0.067,0.000,6.0,19.3,37.6,268,3.68,0.038
2024-02-05,61,49.5,45.9,48.2,41.5,37.3,39.2,2024-02-05T06:42,2024-02-05T15:58,33378.11,0.00,0.445,0.445,0.000,16.0,19.9,37.1,265,0.73,0.025
2024-02-06,51,50.6,46.5,48.6,41.0,36.0,38.4,2024-02-06T06:40,2024-02-06T16:00,33596.91,0.00,0.071,0.071,0.000,8.0,22.4,40.7,247,1.57,0.048
2024-02-07,63,48.6,30.2,39.3,38.8,23.5,30.7,2024-02-07T06:38,2024-02-07T16:02,33818.51,20286.61,0.339,0.339,0.000,12.0,21.4,39.8,277,5.34,0.032
2024-02-08,71,40.7,27.5,34.0,35.8,20.4,28.1,2024-02-08T06:36,2024-02-08T16:04,34042.63,8341.46,0.122,0.118,0.028,10.0,9.2,15.2,155,3.95,0.018
2024-02-09,73,46.3,33.7,39.8,42.4,24.7,33.3,2024-02-09T06:34,2024-02-09T16:05,34269.02,0.00,0.543,0.488,0.386,19.0,14.6,25.3,115,1.41,0.009
2024-02-10,61,54.4,43.6,47.5,52.7,39.7,44.0,2024-02-10T06:33,2024-02-10T16:07,34497.41,20192.39,0.217,0.217,0.000,8.0,9.7,16.3,109,4.75,0.023
2024-02-11,53,50.4,42.9,45.1,45.4,36.6,40.0,2024-02-11T06:31,2024-02-11T16:09,34727.57,645.60,0.236,0.236,0.000,13.0,11.1,19.0,52,2.23,0.013
2024-02-12,53,47.9,39.3,43.8,40.4,32.3,37.4,2024-02-12T06:29,2024-02-12T16:11,34959.25,6110.22,0.197,0.197,0.000,15.0,13.5,27.1,273,2.86,0.018
2024-02-13,51,46.9,35.9,40.3,39.4,29.5,33.2,2024-02-13T06:27,2024-02-13T16:13,35192.22,30547.36,0.004,0.004,0.000,1.0,12.5,22.8,253,6.55,0.032
2024-02-14,63,48.9,35.3,43.3,43.5,28.7,36.9,2024-02-14T06:25,2024-02-14T16:15,35426.24,3510.96,0.185,0.185,0.000,7.0,12.7,23.0,207,1.68,0.019
2024-02-15,51,56.0,47.2,51.3,53.7,42.4,47.8,2024-02-15T06:23,2024-02-15T16:17,35661.10,6702.86,0.008,0.008,0.000,2.0,9.2,17.2,204,3.76,0.022
2024-02-16,55,60.1,46.4,52.7,56.2,40.8,48.1,2024-02-16T06:21,2024-02-16T16:19,35896.57,28800.00,0.122,0.122,0.000,7.0,11.7,21.3,197,7.16,0.045
2024-02-17,53,51.7,37.7,47.3,47.4,32.6,41.4,2024-02-17T06:19,2024-02-17T16:21,36132.45,9492.39,0.035,0.035,0.000,5.0,14.8,27.7,295,4.24,0.033
2024-02-18,53,48.9,33.2,43.1,42.6,27.4,36.9,2024-02-18T06:17,2024-02-18T16:23,36368.53,8989.91,0.063,0.063,0.000,5.0,12.2,20.8,158,5.17,0.034
2024-02-19,55,47.5,44.1,45.6,41.3,34.8,38.6,2024-02-19T06:15,2024-02-19T16:25,36604.61,1369.34,0.209,0.209,0.000,17.0,18.2,33.3,273,2.24,0.018
2024-02-20,51,47.7,43.4,45.2,40.6,36.3,38.3,2024-02-20T06:13,2024-02-20T16:27,36840.49,8580.25,0.047,0.047,0.000,11.0,16.2,28.9,275,3.77,0.027
2024-02-21,53,51.3,44.1,46.6,45.2,37.8,39.9,2024-02-21T06:11,2024-02-21T16:28,37075.98,6971.02,0.079,0.079,0.000,8.0,16.6,29.1,231,3.71,0.033
2024-02-22,53,52.6,46.7,49.5,47.9,38.7,42.8,2024-02-22T06:09,2024-02-22T16:30,37311.26,2095.90,0.205,0.205,0.000,10.0,18.1,31.3,196,2.51,0.040
2024-02-23,3,52.1,36.7,45.4,42.9,30.4,37.1,2024-02-23T06:06,2024-02-23T16:32,37548.32,21019.62,0.000,0.000,0.000,0.0,18.7,33.1,217,6.96,0.063
2024-02-24,3,50.5,33.4,41.3,42.7,27.1,34.4,2024-02-24T06:04,2024-02-24T16:34,37787.34,30965.94,0.000,0.000,0.000,0.0,13.1,25.7,198,9.44,0.053
2024-02-25,3,52.4,32.9,40.5,43.9,26.6,34.0,2024-02-25T06:02,2024-02-25T16:36,38028.12,33633.44,0.000,0.000,0.000,0.0,11.6,22.8,168,9.85,0.052
2024-02-26,3,51.0,31.1,41.0,45.1,25.7,34.7,2024-02-26T06:00,2024-02-26T16:38,38270.44,21939.57,0.000,0.000,0.000,0.0,10.9,18.6,46,7.79,0.041
2024-02-27,3,44.6,37.2,40.9,38.0,29.7,34.1,2024-02-27T05:58,2024-02-27T16:40,38514.13,8892.37,0.000,0.000,0.000,0.0,12.4,22.8,7,4.28,0.023
2024-02-28,3,41.6,31.5,37.5,36.0,25.1,31.7,2024-02-28T05:56,2024-02-28T16:41,38758.99,13595.29,0.000,0.000,0.000,0.0,7.2,15.2,294,5.57,0.026
2024-02-29,3,48.8,29.5,39.1,42.9,22.2,32.3,2024-02-29T05:53,2024-02-29T16:43,39004.84,34302.36,0.000,0.000,0.000,0.0,11.6,20.8,142,11.26,0.047
2024-03-01,3,53.8,38.1,44.6,50.6,32.6,40.2,2024-03-01T05:51,2024-03-01T16:45,39251.50,29539.44,0.000,0.000,0.000,0.0,7.4,16.8,144,9.34,0.044
2024-03-02,51,52.0,43.1,47.0,48.3,39.6,43.2,2024-03-02T05:49,2024-03-02T16:47,39498.79,14249.55,0.028,0.028,0.000,5.0,7.7,13.4,133,4.96,0.026
2024-03-03,3,56.0,43.3,49.4,51.1,38.5,44.5,2024-03-03T05:47,2024-03-03T16:49,39746.53,28812.94,0.000,0.000,0.000,0.0,11.6,21.3,99,8.67,0.051
2024-03-04,51,54.4,43.0,48.4,50.5,37.6,43.6,2024-03-04T05:44,2024-03-04T16:51,39994.56,32499.88,0.004,0.004,0.000,1.0,11.5,19.5,72,8.32,0.048
2024-03-05,51,44.7,30.6,40.3,37.5,23.7,33.4,2024-03-05T05:42,2024-03-05T16:52,40242.72,24405.07,0.008,0.008,0.000,2.0,10.3,19.5,58,8.86,0.047
2024-03-06,51,44.9,29.9,38.7,38.2,23.7,32.6,2024-03-06T05:40,2024-03-06T16:54,40490.83,21655.49,0.008,0.008,0.000,2.0,9.0,17.0,42,8.21,0.039
2024-03-07,51,45.7,32.3,38.7,37.6,25.1,31.5,2024-03-07T05:37,2024-03-07T16:56,40738.72,36660.46,0.012,0.012,0.000,1.0,11.6,22.1,74,12.64,0.056
2024-03-08,0,45.8,29.0,36.7,36.9,21.4,28.6,2024-03-08T05:35,2024-03-08T16:58,40986.24,36973.05,0.000,0.000,0.000,0.0,12.1,21.9,95,13.35,0.061
2024-03-09,51,48.8,31.7,40.2,40.9,23.2,32.6,2024-03-09T05:33,2024-03-09T17:00,41233.22,29089.19,0.031,0.031,0.000,5.0,16.3,29.1,107,9.70,0.047
2024-03-10,3,53.5,37.7,46.6,45.1,29.9,38.5,2024-03-10T05:30,2024-03-10T17:02,41479.51,30921.84,0.000,0.000,0.000,0.0,18.4,32.9,94,9.85,0.067
2024-03-11,3,56.6,39.5,48.8,51.9,34.0,43.5,2024-03-11T05:28,2024-03-11T17:03,41724.94,21330.00,0.000,0.000,0.000,0.0,13.7,23.9,132,7.97,0.053
2024-03-12,3,56.1,38.6,46.7,50.9,33.2,42.1,2024-03-12T05:26,2024-03-12T17:05,41969.36,30757.75,0.000,0.000,0.000,0.0,8.4,16.1,271,10.22,0.060
2024-03-13,3,56.1,35.6,46.6,49.8,30.3,41.7,2024-03-13T05:24,2024-03-13T17:07,42212.92,37027.83,0.000,0.000,0.000,0.0,9.7,18.8,219,11.73,0.067
2024-03-14,51,57.8,45.8,51.3,54.2,41.9,47.5,2024-03-14T05:21,2024-03-14T17:09,42457.45,14915.89,0.012,0.012,0.000,3.0,9.4,18.6,213,8.31,0.053
2024-03-15,3,63.0,45.0,52.6,59.0,40.0,48.6,2024-03-15T05:19,2024-03-15T17:10,42703.11,33225.73,0.000,0.000,0.000,0.0,10.9,19.2,205,11.47,0.070
2024-03-16,53,54.2,39.8,48.1,48.1,30.6,41.2,2024-03-16T05:17,2024-03-16T17:12,42949.76,23172.72,0.055,0.055,0.000,5.0,15.2,29.5,266,7.80,0.056
2024-03-17,3,46.9,31.2,40.5,39.3,24.1,32.6,2024-03-17T05:14,2024-03-17T17:14,43197.26,37051.03,0.000,0.000,0.000,0.0,12.0,22.1,320,10.19,0.062
2024-03-18,3,42.9,27.5,34.6,36.0,20.1,27.2,2024-03-18T05:12,2024-03-18T17:16,43445.46,37768.50,0.000,0.000,0.000,0.0,8.9,18.1,94,13.16,0.058
2024-03-19,3,47.5,27.5,37.8,41.0,20.0,30.9,2024-03-19T05:09,2024-03-19T17:18,43694.21,35315.50,0.000,0.000,0.000,0.0,10.3,20.4,129,14.99,0.068
2024-03-20,3,60.7,34.4,47.3,55.9,28.8,42.4,2024-03-20T05:07,2024-03-20T17:19,43943.39,29773.81,0.000,0.000,0.000,0.0,6.4,12.5,171,12.18,0.077
2024-03-21,61,57.6,44.0,50.4,54.4,39.8,45.9,2024-03-21T05:05,2024-03-21T17:21,44192.84,13814.35,0.264,0.264,0.000,12.0,12.5,23.3,264,7.61,0.051
2024-03-22,55,55.5,43.9,49.5,49.4,39.1,44.4,2024-03-22T05:02,2024-03-22T17:23,44442.40,0.00,0.209,0.209,0.000,11.0,12.1,25.7,234,4.62,0.038
2024-03-23,55,47.2,36.7,42.8,43.5,29.1,37.1,2024-03-23T05:00,2024-03-23T17:25,44691.96,11857.46,0.236,0.236,0.000,17.0,14.9,26.8,278,5.71,0.031
2024-03-24,61,43.5,35.1,39.8,37.5,27.4,31.9,2024-03-24T04:58,2024-03-24T17:26,44941.36,14728.31,0.303,0.303,0.000,14.0,16.5,29.3,228,6.74,0.035
2024-03-25,51,48.8,33.9,41.9,41.1,28.3,35.1,2024-03-25T04:55,2024-03-25T17:28,45190.45,21370.83,0.083,0.083,0.000,11.0,12.3,24.2,281,9.03,0.047
2024-03-26,3,55.2,32.6,44.7,48.0,26.8,37.5,2024-03-26T04:53,2024-03-26T17:30,45439.10,40551.73,0.000,0.000,0.000,0.0,14.3,26.8,121,15.22,0.088
2024-03-27,3,62.7,41.0,51.8,57.7,33.2,45.7,2024-03-27T04:50,2024-03-27T17:32,45687.15,34871.11,0.000,0.000,0.000,0.0,11.5,21.5,125,15.47,0.109
2024-03-28,53,56.1,43.4,48.8,47.7,35.7,41.1,2024-03-28T04:48,2024-03-28T17:33,45934.45,19160.64,0.055,0.055,0.000,5.0,21.1,36.9,218,9.85,0.073
2024-03-29,51,58.1,41.3,49.4,51.4,34.0,43.3,2024-03-29T04:46,2024-03-29T17:35,46180.86,12489.66,0.016,0.016,0.000,4.0,13.0,24.6,189,8.76,0.068
2024-03-30,51,71.2,45.8,57.6,69.4,41.8,54.8,2024-03-30T04:43,2024-03-30T17:37,46426.21,42160.42,0.012,0.012,0.000,1.0,8.6,17.0,121,17.31,0.117
2024-03-31,3,66.2,44.3,55.2,67.3,41.0,53.5,2024-03-31T04:41,2024-03-31T17:39,46670.36,39235.18,0.000,0.000,0.000,0.0,7.1,13.9,222,16.56,0.100
2024-04-01,51,66.9,47.3,55.2,63.7,41.2,49.9,2024-04-01T04:39,2024-04-01T17:40,46913.14,26244.44,0.004,0.004,0.000,1.0,19.5,34.0,200,12.27,0.095
2024-04-02,61,56.4,46.3,51.2,46.9,39.0,42.5,2024-04-02T04:36,2024-04-02T17:42,47154.71,42570.04,0.122,0.122,0.000,8.0,22.8,40.5,258,14.14,0.097
2024-04-03,55,52.7,47.0,49.3,51.5,39.3,44.6,2024-04-03T04:34,2024-04-03T17:44,47396.77,5794.71,0.209,0.209,0.000,15.0,15.9,27.7,251,6.04,0.040
2024-04-04,61,57.6,47.5,52.1,51.3,42.7,46.7,2024-04-04T04:32,2024-04-04T17:46,47639.49,20848.33,0.244,0.244,0.000,8.0,14.3,27.3,223,8.55,0.056
2024-04-05,61,65.9,48.2,57.1,60.9,43.3,52.3,2024-04-05T04:30,2024-04-05T17:47,47882.74,30069.18,0.094,0.094,0.000,5.0,16.9,32.7,224,14.00,0.100
2024-04-06,51,71.3,52.4,61.2,71.2,49.5,59.5,2024-04-06T04:27,2024-04-06T17:49,48126.37,39714.99,0.004,0.004,0.000,1.0,8.6,18.6,202,15.95,0.111
2024-04-07,3,71.9,56.0,63.8,70.9,51.8,61.8,2024-04-07T04:25,2024-04-07T17:51,48370.25,43200.00,0.000,0.000,0.000,0.0,10.4,20.6,202,17.25,0.134
2024-04-08,51,78.0,55.5,65.0,79.1,54.5,65.2,2024-04-08T04:23,2024-04-08T17:53,48614.22,36000.00,0.008,0.008,0.000,1.0,7.8,15.0,152,16.89,0.126
2024-04-09,51,77.9,53.3,63.4,79.3,47.4,60.9,2024-04-09T04:20,2024-04-09T17:54,48858.14,41966.48,0.031,0.031,0.000,4.0,18.0,32.2,247,17.84,0.146
2024-04-10,51,56.4,46.7,52.4,51.2,42.0,46.3,2024-04-10T04:18,2024-04-10T17:56,49101.86,29003.87,0.016,0.016,0.000,2.0,15.5,28.2,263,11.69,0.088
2024-04-11,3,60.4,42.8,52.8,53.9,37.8,47.6,2024-04-11T04:16,2024-04-11T17:58,49345.23,18000.00,0.000,0.000,0.000,0.0,13.0,24.6,229,13.12,0.094
2024-04-12,3,66.4,53.2,59.3,62.1,50.6,56.0,2024-04-12T04:13,2024-04-12T18:00,49588.08,8777.19,0.000,0.000,0.000,0.0,12.8,23.3,248,10.49,0.088
2024-04-13,3,69.8,53.3,62.1,66.2,50.6,58.6,2024-04-13T04:11,2024-04-13T18:01,49830.26,39222.24,0.000,0.000,0.000,0.0,14.8,27.5,245,17.47,0.131
2024-04-14,51,63.2,47.8,57.0,58.2,42.5,50.5,2024-04-14T04:09,2024-04-14T18:03,50071.61,34239.23,0.004,0.004,0.000,1.0,16.7,30.9,274,16.57,0.133
2024-04-15,61,55.9,43.0,50.1,51.0,32.3,44.6,2024-04-15T04:07,2024-04-15T18:05,50311.95,39384.08,0.209,0.209,0.000,12.0,18.9,33.6,228,15.02,0.092
2024-04-16,53,49.1,38.0,43.8,41.7,31.1,35.4,2024-04-16T04:04,2024-04-16T18:07,50551.12,21134.50,0.075,0.075,0.000,10.0,18.8,34.9,267,12.06,0.067
2024-04-17,51,50.7,36.3,42.8,46.3,30.9,37.5,2024-04-17T04:02,2024-04-17T18:08,50788.93,45268.56,0.035,0.035,0.000,8.0,9.2,18.1,338,19.51,0.094
2024-04-18,51,51.1,33.6,43.2,44.3,27.5,36.7,2024-04-18T04:00,2024-04-18T18:10,51025.21,38530.06,0.031,0.031,0.000,5.0,9.9,19.5,326,16.65,0.088
2024-04-19,53,46.0,40.4,42.7,40.4,33.2,36.0,2024-04-19T03:58,2024-04-19T18:12,51259.77,121.72,0.240,0.240,0.000,16.0,16.4,29.5,236,5.59,0.032
2024-04-20,53,46.8,32.8,41.3,38.7,26.3,33.4,2024-04-20T03:56,2024-04-20T18:14,51492.40,39386.29,0.102,0.102,0.000,14.0,16.0,29.5,10,17.67,0.082
2024-04-21,73,46.9,30.8,38.3,40.1,22.6,30.2,2024-04-21T03:54,2024-04-21T18:15,51722.91,47390.23,0.063,0.051,0.083,6.0,11.4,24.2,48,18.26,0.087
2024-04-22,71,43.2,29.5,35.9,38.2,22.6,29.5,2024-04-22T03:51,2024-04-22T18:17,51951.42,33834.06,0.075,0.055,0.138,10.0,9.0,18.8,24,13.73,0.060
2024-04-23,3,46.9,30.2,40.0,42.3,24.0,34.2,2024-04-23T03:49,2024-04-23T18:19,52179.61,30256.88,0.000,0.000,0.000,0.0,6.7,14.8,258,17.48,0.084
2024-04-24,51,50.9,35.4,42.4,44.2,30.3,36.5,2024-04-24T03:47,2024-04-24T18:21,52407.62,32862.29,0.020,0.020,0.000,4.0,9.2,21.0,161,15.29,0.079
2024-04-25,71,48.5,34.0,41.2,40.8,28.6,35.2,2024-04-25T03:45,2024-04-25T18:22,52635.31,31671.57,0.094,0.087,0.055,10.0,10.3,20.6,222,14.02,0.065
2024-04-26,51,55.8,35.5,46.7,49.9,29.4,40.3,2024-04-26T03:43,2024-04-26T18:24,52862.50,42034.48,0.004,0.004,0.000,1.0,13.0,24.4,187,17.25,0.103
2024-04-27,3,66.2,37.5,54.0,62.4,32.5,49.8,2024-04-27T03:41,2024-04-27T18:26,53089.03,46817.00,0.000,0.000,0.000,0.0,10.3,19.9,147,22.94,0.150
2024-04-28,3,72.6,49.2,60.7,69.5,43.2,56.5,2024-04-28T03:39,2024-04-28T18:28,53314.71,36129.85,0.000,0.000,0.000,0.0,11.2,21.9,140,20.90,0.165
2024-04-29,51,67.9,54.1,59.7,67.6,49.0,57.3,2024-04-29T03:37,2024-04-29T18:29,53539.37,36762.79,0.012,0.012,0.000,2.0,11.0,18.3,6,16.74,0.129
2024-04-30,3,79.5,52.5,66.1,77.4,48.1,63.2,2024-04-30T03:35,2024-04-30T18:31,53762.82,48917.52,0.000,0.000,0.000,0.0,12.1,22.8,106,23.97,0.202
2024-05-01,3,76.8,58.5,67.4,72.2,52.9,62.4,2024-05-01T03:33,2024-05-01T18:33,53984.87,49673.36,0.000,0.000,0.000,0.0,16.4,29.8,113,24.21,0.227
2024-05-02,2,75.7,58.9,67.1,70.7,52.7,61.9,2024-05-02T03:31,2024-05-02T18:34,54205.32,49876.90,0.000,0.000,0.000,0.0,16.0,30.6,109,21.99,0.215
2024-05-03,53,72.4,56.5,63.8,71.6,54.0,62.0,2024-05-03T03:29,2024-05-03T18:36,54423.96,43402.45,0.063,0.063,0.000,5.0,9.8,20.8,169,19.82,0.148
2024-05-04,51,66.4,51.8,59.9,66.5,49.5,58.4,2024-05-04T03:27,2024-05-04T18:38,54640.59,40481.82,0.004,0.004,0.000,1.0,8.9,15.4,278,17.30,0.112
2024-05-05,63,66.4,51.0,59.1,61.8,47.4,55.8,2024-05-05T03:25,2024-05-05T18:40,54854.98,36847.66,0.339,0.339,0.000,10.0,13.1,29.3,218,15.67,0.115
2024-05-06,3,65.4,47.1,56.3,60.9,43.2,52.2,2024-05-06T03:24,2024-05-06T18:41,55066.92,47946.98,0.000,0.000,0.000,0.0,9.9,19.7,300,21.22,0.141
2024-05-07,51,60.5,47.0,53.2,55.3,42.9,47.7,2024-05-07T03:22,2024-05-07T18:43,55276.16,9097.12,0.012,0.012,0.000,3.0,14.1,23.7,41,12.66,0.096
2024-05-08,3,63.8,46.5,54.2,58.6,41.7,49.1,2024-05-08T03:20,2024-05-08T18:45,55482.49,46338.73,0.000,0.000,0.000,0.0,10.7,20.8,49,23.04,0.153
2024-05-09,3,65.8,41.3,55.3,65.4,36.6,52.4,2024-05-09T03:18,2024-05-09T18:46,55685.64,50400.00,0.000,0.000,0.000,0.0,6.3,11.2,28,26.06,0.160
2024-05-10,3,69.7,49.7,60.4,66.7,46.7,58.1,2024-05-10T03:17,2024-05-10T18:48,55885.37,44053.38,0.000,0.000,0.000,0.0,5.8,13.4,350,19.47,0.141
2024-05-11,51,66.7,51.6,58.8,63.3,48.8,55.7,2024-05-11T03:15,2024-05-11T18:50,56081.42,39245.07,0.012,0.012,0.000,3.0,10.1,19.0,34,18.25,0.130
2024-05-12,3,68.1,48.8,58.7,62.3,42.5,52.9,2024-05-12T03:13,2024-05-12T18:51,56273.82,50528.12,0.000,0.000,0.000,0.0,11.2,22.8,88,24.49,0.187
2024-05-13,2,73.0,50.1,62.1,67.5,42.7,55.6,2024-05-13T03:12,2024-05-13T18:53,56464.09,50757.44,0.000,0.000,0.000,0.0,11.5,22.4,101,27.05,0.234
2024-05-14,0,75.4,53.6,65.4,69.2,46.1,58.4,2024-05-14T03:10,2024-05-14T18:54,56652.36,50862.63,0.000,0.000,0.000,0.0,13.7,25.5,105,26.90,0.260
2024-05-15,3,78.3,57.8,68.1,70.0,50.6,60.2,2024-05-15T03:09,2024-05-15T18:56,56838.43,50849.58,0.000,0.000,0.000,0.0,17.9,33.1,107,26.61,0.292
2024-05-16,3,77.9,58.7,68.2,68.5,50.6,60.2,2024-05-16T03:07,2024-05-16T18:57,57022.11,43562.43,0.000,0.000,0.000,0.0,20.4,38.0,115,23.12,0.276
2024-05-17,3,76.7,60.3,66.8,68.7,52.0,59.5,2024-05-17T03:06,2024-05-17T18:59,57203.23,50787.10,0.000,0.000,0.000,0.0,18.4,33.8,100,25.09,0.261
2024-05-18,51,69.5,54.3,61.5,65.3,50.2,57.8,2024-05-18T03:04,2024-05-18T19:00,57381.54,47187.57,0.016,0.016,0.000,3.0,12.7,24.8,107,18.81,0.149
2024-05-19,63,69.3,51.1,60.6,69.2,49.6,59.9,2024-05-19T03:03,2024-05-19T19:02,57556.88,43024.68,0.429,0.429,0.000,5.0,8.7,21.3,146,19.14,0.126
2024-05-20,65,67.7,52.3,60.5,68.3,51.3,60.3,2024-05-20T03:01,2024-05-20T19:03,57729.01,38032.14,0.469,0.469,0.000,6.0,9.2,17.7,115,17.59,0.110
2024-05-21,51,77.9,55.3,68.6,74.3,52.8,64.7,2024-05-21T03:00,2024-05-21T19:05,57897.72,44480.37,0.008,0.008,0.000,2.0,15.6,27.1,78,23.27,0.226
2024-05-22,63,78.1,60.4,66.7,78.4,58.4,65.4,2024-05-22T02:59,2024-05-22T19:06,58062.80,20898.32,0.480,0.480,0.000,9.0,15.5,27.1,126,16.54,0.140
2024-05-23,53,71.1,57.8,64.3,69.3,56.9,62.4,2024-05-23T02:58,2024-05-23T19:08,58224.01,43202.12,0.043,0.043,0.000,6.0,11.2,21.7,277,20.96,0.152
2024-05-24,63,73.8,57.0,65.3,71.1,55.0,64.5,2024-05-24T02:56,2024-05-24T19:09,58381.12,46484.76,0.449,0.449,0.000,8.0,10.2,21.7,89,20.30,0.152
2024-05-25,63,73.0,59.2,65.7,73.7,59.2,66.5,2024-05-25T02:55,2024-05-25T19:11,58533.91,44274.96,0.169,0.169,0.000,9.0,9.0,18.3,159,23.25,0.159
2024-05-26,51,74.6,56.9,65.5,78.4,57.6,66.9,2024-05-26T02:54,2024-05-26T19:12,58682.12,49196.00,0.008,0.008,0.000,2.0,10.7,20.1,143,22.36,0.155
2024-05-27,63,72.7,59.6,65.5,75.6,58.9,66.6,2024-05-27T02:53,2024-05-27T19:13,58825.52,36047.56,0.370,0.370,0.000,6.0,11.6,21.0,141,17.11,0.123
2024-05-28,63,64.2,51.4,59.8,62.1,49.4,58.4,2024-05-28T02:52,2024-05-28T19:15,58963.87,29842.83,0.417,0.417,0.000,11.0,11.2,20.8,247,12.52,0.082
2024-05-29,55,71.3,50.8,61.9,67.6,48.3,59.1,2024-05-29T02:51,2024-05-29T19:16,59096.91,50510.01,0.047,0.047,0.000,3.0,13.0,25.7,183,22.58,0.161
2024-05-30,63,69.9,55.7,62.4,71.2,55.2,62.7,2024-05-30T02:50,2024-05-30T19:17,59224.40,34722.73,0.343,0.343,0.000,10.0,9.1,16.6,114,17.11,0.115
2024-05-31,51,72.2,56.1,63.7,71.5,55.9,63.4,2024-05-31T02:49,2024-05-31T19:18,59346.06,53429.25,0.004,0.004,0.000,1.0,7.3,15.0,199,23.20,0.157
2024-06-01,51,76.3,59.1,68.2,77.9,58.8,67.9,2024-06-01T02:48,2024-06-01T19:19,59461.85,53629.57,0.016,0.016,0.000,4.0,12.7,23.9,20,25.57,0.188
2024-06-02,63,71.8,60.1,65.8,72.6,56.9,64.7,2024-06-02T02:48,2024-06-02T19:20,59572.73,45641.04,0.362,0.362,0.000,9.0,14.6,27.1,318,20.04,0.142
2024-06-03,51,63.4,55.4,59.1,59.9,52.1,55.7,2024-06-03T02:47,2024-06-03T19:21,59678.75,5330.56,0.008,0.008,0.000,2.0,10.2,19.0,282,12.42,0.098
2024-06-04,51,66.4,55.7,61.2,65.5,52.8,59.8,2024-06-04T02:46,2024-06-04T19:22,59779.80,34520.84,0.012,0.012,0.000,3.0,7.0,13.2,228,17.74,0.126
2024-06-05,53,68.5,53.5,61.7,66.6,51.3,59.7,2024-06-05T02:45,2024-06-05T19:23,59875.73,41194.08,0.091,0.091,0.000,6.0,14.0,25.7,243,18.83,0.129
2024-06-06,3,66.9,52.0,60.1,63.5,49.8,57.1,2024-06-06T02:45,2024-06-06T19:24,59966.45,50486.54,0.000,0.000,0.000,0.0,11.6,21.9,288,24.73,0.170
2024-06-07,51,67.1,52.5,60.6,63.7,49.6,57.6,2024-06-07T02:44,2024-06-07T19:25,60051.82,50316.45,0.008,0.008,0.000,1.0,10.5,20.6,309,23.66,0.165
2024-06-08,3,74.7,47.9,63.7,71.9,44.6,60.4,2024-06-08T02:44,2024-06-08T19:26,60131.72,54304.91,0.000,0.000,0.000,0.0,12.7,23.5,228,24.27,0.195
2024-06-09,2,69.4,50.8,59.4,61.7,47.0,54.5,2024-06-09T02:44,2024-06-09T19:27,60206.05,54613.07,0.000,0.000,0.000,0.0,14.5,26.8,272,26.40,0.189
2024-06-10,53,65.2,49.0,58.2,60.3,45.9,54.3,2024-06-10T02:43,2024-06-10T19:28,60274.66,25384.95,0.094,0.094,0.000,4.0,11.1,19.9,273,18.23,0.137
2024-06-11,53,62.6,50.4,56.0,55.0,43.4,49.0,2024-06-11T02:43,2024-06-11T19:28,60337.48,36189.72,0.087,0.087,0.000,9.0,19.7,35.8,255,18.85,0.134
2024-06-12,51,62.1,48.0,56.1,57.8,43.8,51.2,2024-06-12T02:43,2024-06-12T19:29,60394.37,48016.68,0.012,0.012,0.000,3.0,12.4,25.5,257,22.26,0.145
2024-06-13,51,63.3,46.7,56.0,57.9,43.4,52.0,2024-06-13T02:42,2024-06-13T19:30,60445.23,54469.13,0.016,0.016,0.000,2.0,9.6,20.8,272,25.01,0.158
2024-06-14,51,65.4,49.7,58.9,61.2,45.7,55.3,2024-06-14T02:42,2024-06-14T19:30,60489.96,8458.98,0.043,0.043,0.000,5.0,11.9,23.7,153,11.91,0.106
2024-06-15,61,71.2,54.4,62.4,65.4,51.3,59.0,2024-06-15T02:42,2024-06-15T19:31,60528.47,33358.48,0.110,0.110,0.000,7.0,16.5,32.0,193,16.30,0.131
2024-06-16,51,73.5,50.4,64.2,68.3,47.4,61.2,2024-06-16T02:42,2024-06-16T19:31,60560.66,55033.93,0.012,0.012,0.000,2.0,11.9,23.9,199,24.30,0.189
2024-06-17,53,75.3,57.7,66.7,73.7,56.4,65.9,2024-06-17T02:42,2024-06-17T19:32,60586.44,51207.16,0.071,0.071,0.000,7.0,11.5,24.8,215,23.48,0.174
2024-06-18,63,78.9,54.9,67.6,81.2,53.9,69.2,2024-06-18T02:42,2024-06-18T19:32,60605.73,42944.68,0.228,0.228,0.000,10.0,6.3,14.8,219,22.71,0.167
2024-06-19,53,67.1,52.6,61.4,65.7,50.4,60.2,2024-06-19T02:42,2024-06-19T19:33,60618.43,20502.44,0.075,0.075,0.000,8.0,11.4,20.8,321,11.91,0.089
2024-06-20,3,72.0,50.3,63.1,71.6,48.3,61.9,2024-06-20T02:42,2024-06-20T19:33,60624.50,52329.45,0.000,0.000,0.000,0.0,7.4,15.7,199,25.17,0.176
2024-06-21,63,81.6,59.5,69.5,84.7,57.3,71.2,2024-06-21T02:43,2024-06-21T19:33,60623.83,29737.07,0.217,0.217,0.000,5.0,10.7,26.4,126,16.66,0.135
2024-06-22,55,71.4,59.7,65.8,69.8,58.9,64.0,2024-06-22T02:43,2024-06-22T19:33,60616.39,34370.67,0.142,0.142,0.000,9.0,15.4,28.4,265,18.25,0.140
2024-06-23,3,70.9,56.7,64.7,66.7,55.8,62.2,2024-06-23T02:43,2024-06-23T19:33,60602.21,43227.48,0.000,0.000,0.000,0.0,14.0,25.7,298,20.46,0.157
2024-06-24,51,74.2,54.1,65.9,75.0,52.6,65.7,2024-06-24T02:44,2024-06-24T19:33,60581.40,54800.56,0.004,0.004,0.000,1.0,7.3,12.3,9,22.82,0.166
2024-06-25,3,78.4,57.7,69.0,76.9,57.0,67.9,2024-06-25T02:44,2024-06-25T19:33,60554.06,53632.43,0.000,0.000,0.000,0.0,11.7,21.5,91,23.84,0.199
2024-06-26,3,83.8,62.5,74.6,86.2,61.5,75.1,2024-06-26T02:44,2024-06-26T19:33,60520.29,53334.71,0.000,0.000,0.000,0.0,11.5,22.6,88,27.35,0.237
2024-06-27,65,84.1,68.7,75.5,90.4,70.1,79.3,2024-06-27T02:45,2024-06-27T19:33,60480.18,42706.71,0.516,0.516,0.000,3.0,7.8,18.3,130,21.40,0.179
2024-06-28,63,81.5,62.8,73.1,85.1,62.4,73.8,2024-06-28T02:46,2024-06-28T19:33,60433.86,54012.39,0.157,0.157,0.000,2.0,14.3,28.2,267,23.53,0.198
2024-06-29,51,83.9,58.3,72.9,84.0,58.0,73.5,2024-06-29T02:46,2024-06-29T19:33,60381.43,54735.15,0.016,0.016,0.000,3.0,10.4,17.7,95,27.63,0.231
2024-06-30,63,82.3,62.4,72.4,83.9,62.5,73.0,2024-06-30T02:47,2024-06-30T19:32,60323.00,40804.89,0.264,0.264,0.000,8.0,16.6,33.6,232,19.45,0.167
2024-07-01,63,70.2,56.4,63.4,69.7,53.2,62.2,2024-07-01T02:48,2024-07-01T19:32,60258.71,33378.58,0.311,0.311,0.000,11.0,14.0,25.7,269,17.09,0.121
2024-07-02,51,62.3,54.1,59.5,58.6,50.6,55.5,2024-07-02T02:48,2024-07-02T19:32,60188.68,17833.51,0.031,0.031,0.000,7.0,13.6,25.7,266,10.93,0.088
2024-07-03,51,63.6,54.3,59.1,60.6,50.1,55.5,2024-07-03T02:49,2024-07-03T19:31,60113.02,31737.31,0.012,0.012,0.000,3.0,11.2,21.7,267,15.03,0.111
2024-07-04,61,68.3,54.4,60.1,64.4,52.0,57.1,2024-07-04T02:50,2024-07-04T19:31,60031.89,39489.91,0.102,0.102,0.000,5.0,17.2,31.1,233,16.12,0.115
2024-07-05,3,68.8,51.5,61.5,63.4,49.5,57.5,2024-07-05T02:51,2024-07-05T19:30,59945.39,43025.77,0.000,0.000,0.000,0.0,15.9,29.1,236,19.32,0.158
2024-07-06,51,85.4,55.6,71.6,82.0,53.6,69.4,2024-07-06T02:52,2024-07-06T19:30,59853.67,43566.70,0.004,0.004,0.000,1.0,15.8,32.0,201,23.72,0.231
2024-07-07,3,72.2,58.6,65.2,68.0,54.5,61.0,2024-07-07T02:53,2024-07-07T19:29,59756.86,50812.90,0.000,0.000,0.000,0.0,11.9,24.2,237,22.81,0.193
2024-07-08,3,77.0,56.0,68.8,76.4,54.1,65.9,2024-07-08T02:54,2024-07-08T19:28,59655.08,37024.63,0.000,0.000,0.000,0.0,10.9,21.7,240,20.06,0.189
2024-07-09,3,87.1,64.6,76.6,86.5,61.7,75.7,2024-07-09T02:55,2024-07-09T19:27,59548.50,53227.59,0.000,0.000,0.000,0.0,10.7,18.1,112,24.20,0.242
2024-07-10,55,87.5,69.6,77.7,94.6,69.7,80.8,2024-07-10T02:56,2024-07-10T19:27,59437.24,48375.82,0.087,0.087,0.000,5.0,15.4,26.4,186,24.72,0.217
2024-07-11,63,78.4,65.4,71.6,79.2,67.7,74.0,2024-07-11T02:57,2024-07-11T19:26,59321.21,47952.46,0.264,0.264,0.000,9.0,7.0,18.3,303,20.67,0.160
2024-07-12,53,79.8,63.1,70.9,79.8,65.0,73.0,2024-07-12T02:58,2024-07-12T19:25,59199.39,22442.11,0.102,0.102,0.000,8.0,13.1,25.1,112,14.37,0.118
2024-07-13,61,74.1,57.8,65.1,70.1,54.3,62.4,2024-07-13T02:59,2024-07-13T19:24,59071.83,36881.25,0.118,0.118,0.000,5.0,14.3,26.8,262,19.88,0.161
2024-07-14,55,76.2,54.9,67.1,74.8,53.8,66.5,2024-07-14T03:01,2024-07-14T19:23,58938.79,51270.87,0.059,0.059,0.000,3.0,8.5,19.9,217,24.15,0.181
2024-07-15,3,84.2,60.8,73.6,84.3,60.6,73.2,2024-07-15T03:02,2024-07-15T19:22,58800.51,51268.85,0.000,0.000,0.000,0.0,9.5,17.2,188,27.17,0.233
2024-07-16,55,80.9,65.7,72.6,81.8,64.3,72.9,2024-07-16T03:03,2024-07-16T19:21,58657.25,31843.46,0.051,0.051,0.000,3.0,11.4,23.0,236,17.86,0.170
2024-07-17,51,74.7,60.3,68.2,71.1,58.9,65.7,2024-07-17T03:04,2024-07-17T19:20,58509.28,52516.81,0.004,0.004,0.000,1.0,14.1,27.1,252,20.29,0.177
2024-07-18,3,78.9,58.3,69.3,81.0,59.1,69.3,2024-07-18T03:06,2024-07-18T19:18,58356.81,49892.94,0.000,0.000,0.000,0.0,7.7,16.6,308,23.29,0.185
2024-07-19,3,83.1,59.9,73.7,85.1,60.6,74.1,2024-07-19T03:07,2024-07-19T19:17,58200.11,47786.21,0.000,0.000,0.000,0.0,7.9,13.2,62,23.80,0.201
2024-07-20,3,86.6,65.3,76.6,86.0,64.9,74.9,2024-07-20T03:09,2024-07-20T19:16,58039.41,50329.04,0.000,0.000,0.000,0.0,11.8,22.4,90,23.95,0.250
2024-07-21,53,90.0,65.8,78.6,91.9,64.9,79.6,2024-07-21T03:10,2024-07-21T19:15,57874.94,46855.93,0.031,0.031,0.000,3.0,9.4,19.9,134,24.92,0.235
2024-07-22,53,76.5,62.3,70.8,76.4,60.6,70.3,2024-07-22T03:11,2024-07-22T19:13,57706.94,32044.33,0.055,0.055,0.000,6.0,17.1,32.2,275,14.48,0.137
2024-07-23,55,81.2,55.8,69.6,77.8,54.7,68.7,2024-07-23T03:13,2024-07-23T19:12,57535.62,47137.61,0.110,0.110,0.000,9.0,10.8,22.1,236,21.67,0.188
2024-07-24,51,74.2,59.5,67.1,71.3,58.8,65.3,2024-07-24T03:14,2024-07-24T19:10,57361.20,47138.83,0.008,0.008,0.000,2.0,13.1,26.4,303,19.88,0.163
2024-07-25,3,73.4,55.2,65.1,72.2,53.0,63.1,2024-07-25T03:16,2024-07-25T19:09,57183.91,51163.04,0.000,0.000,0.000,0.0,8.3,18.1,290,24.85,0.181
2024-07-26,53,78.2,57.6,68.8,74.4,56.2,67.9,2024-07-26T03:17,2024-07-26T19:07,57003.94,28262.74,0.031,0.031,0.000,1.0,11.7,22.4,179,12.29,0.125
2024-07-27,63,74.0,64.8,68.6,76.5,67.2,71.3,2024-07-27T03:19,2024-07-27T19:06,56821.51,4656.72,0.492,0.492,0.000,14.0,7.4,15.7,161,9.87,0.082
2024-07-28,63,71.4,60.0,65.7,67.4,57.1,63.2,2024-07-28T03:20,2024-07-28T19:04,56636.81,40579.77,0.437,0.437,0.000,8.0,14.1,27.7,314,20.50,0.160
2024-07-29,3,73.6,55.7,64.3,70.8,53.7,62.4,2024-07-29T03:22,2024-07-29T19:03,56450.04,51475.84,0.000,0.000,0.000,0.0,11.9,22.8,317,23.45,0.166
2024-07-30,3,79.3,52.9,67.9,81.7,51.7,68.9,2024-07-30T03:23,2024-07-30T19:01,56261.37,51144.00,0.000,0.000,0.000,0.0,4.7,12.1,133,25.77,0.184
2024-07-31,3,83.1,59.5,72.6,86.7,59.6,74.2,2024-07-31T03:25,2024-07-31T19:00,56070.71,34149.66,0.000,0.000,0.000,0.0,8.3,13.9,41,20.96,0.176
2024-08-01,3,79.9,61.8,71.4,82.5,61.5,71.9,2024-08-01T03:26,2024-08-01T18:58,55876.52,50394.31,0.000,0.000,0.000,0.0,9.0,15.7,61,23.61,0.193
2024-08-02,3,69.9,62.3,66.1,68.7,62.5,65.1,2024-08-02T03:28,2024-08-02T18:56,55678.75,7852.01,0.000,0.000,0.000,0.0,9.2,18.1,4,9.00,0.093
2024-08-03,3,76.0,57.2,67.7,76.1,57.5,68.6,2024-08-03T03:30,2024-08-03T18:54,55477.65,46348.28,0.000,0.000,0.000,0.0,5.3,12.8,322,18.64,0.140
2024-08-04,61,73.1,60.9,66.9,72.8,57.6,66.7,2024-08-04T03:31,2024-08-04T18:53,55273.49,23548.83,0.295,0.295,0.000,15.0,12.2,20.8,270,13.09,0.111
2024-08-05,51,71.9,57.8,65.4,69.2,54.4,63.3,2024-08-05T03:33,2024-08-05T18:51,55066.50,43615.61,0.004,0.004,0.000,1.0,9.9,19.2,302,18.26,0.148
2024-08-06,3,77.1,54.2,67.8,77.1,53.2,67.5,2024-08-06T03:34,2024-08-06T18:49,54856.89,49284.39,0.000,0.000,0.000,0.0,7.2,12.3,121,20.23,0.161
2024-08-07,3,83.9,60.7,72.9,87.2,59.4,73.9,2024-08-07T03:36,2024-08-07T18:47,54644.91,45913.02,0.000,0.000,0.000,0.0,8.8,14.8,152,23.28,0.191
2024-08-08,53,74.1,62.3,68.4,72.3,61.7,67.7,2024-08-08T03:38,2024-08-08T18:45,54430.77,42737.25,0.020,0.020,0.000,1.0,10.9,21.9,298,17.99,0.146
2024-08-09,55,78.1,58.3,67.9,74.0,58.5,67.4,2024-08-09T03:39,2024-08-09T18:43,54214.69,23210.54,0.122,0.122,0.000,7.0,14.9,27.1,223,13.14,0.122
2024-08-10,3,79.2,60.0,69.1,75.8,60.2,68.1,2024-08-10T03:41,2024-08-10T18:41,53996.87,49375.66,0.000,0.000,0.000,0.0,12.8,23.7,266,19.33,0.168
2024-08-11,3,77.2,60.6,69.2,74.3,59.8,68.2,2024-08-11T03:43,2024-08-11T18:39,53777.50,43200.00,0.000,0.000,0.000,0.0,11.2,22.1,305,19.65,0.170
2024-08-12,3,80.3,55.1,68.8,81.3,54.4,68.7,2024-08-12T03:44,2024-08-12T18:37,53556.79,49192.61,0.000,0.000,0.000,0.0,7.1,11.9,59,23.68,0.183
2024-08-13,3,85.8,59.6,73.5,82.8,56.9,70.8,2024-08-13T03:46,2024-08-13T18:35,53334.93,49078.02,0.000,0.000,0.000,0.0,11.5,22.8,101,23.46,0.243
2024-08-14,61,91.3,66.2,78.0,90.2,61.7,76.3,2024-08-14T03:48,2024-08-14T18:33,53112.09,47870.14,0.118,0.118,0.000,4.0,12.4,24.4,123,21.68,0.255
2024-08-15,51,82.4,67.5,74.4,85.3,70.8,77.8,2024-08-15T03:49,2024-08-15T18:31,52888.45,48488.54,0.028,0.028,0.000,5.0,10.8,21.0,264,19.79,0.162
2024-08-16,3,84.5,62.8,74.6,84.4,65.4,75.9,2024-08-16T03:51,2024-08-16T18:29,52664.19,48041.38,0.000,0.000,0.000,0.0,13.3,25.7,246,20.46,0.189
2024-08-17,3,85.0,65.9,73.8,87.2,68.1,76.8,2024-08-17T03:53,2024-08-17T18:27,52439.47,44997.14,0.000,0.000,0.000,0.0,8.1,14.3,324,18.22,0.151
2024-08-18,51,76.3,62.0,69.1,78.7,60.9,69.8,2024-08-18T03:54,2024-08-18T18:25,52214.46,21581.98,0.004,0.004,0.000,1.0,11.1,19.2,6,12.77,0.115
2024-08-19,3,73.1,58.7,66.9,71.4,57.8,65.1,2024-08-19T03:56,2024-08-19T18:23,51989.32,40674.59,0.000,0.000,0.000,0.0,9.9,19.9,336,15.54,0.133
2024-08-20,51,81.1,55.8,70.2,80.2,54.5,69.5,2024-08-20T03:58,2024-08-20T18:21,51763.89,46469.49,0.012,0.012,0.000,2.0,9.5,19.5,141,21.42,0.184
2024-08-21,51,73.4,58.6,67.4,71.5,55.7,64.0,2024-08-21T03:59,2024-08-21T18:18,51536.56,45887.22,0.024,0.024,0.000,4.0,17.6,33.1,271,17.59,0.166
2024-08-22,3,76.6,57.7,66.8,71.2,55.3,62.7,2024-08-22T04:01,2024-08-22T18:16,51307.21,35722.61,0.000,0.000,0.000,0.0,12.9,24.2,232,15.40,0.167
2024-08-23,3,86.9,62.2,73.9,79.6,59.1,69.7,2024-08-23T04:03,2024-08-23T18:14,51076.03,36407.93,0.000,0.000,0.000,0.0,17.2,31.8,218,19.10,0.243
2024-08-24,2,89.3,62.9,78.0,86.6,64.9,77.2,2024-08-24T04:04,2024-08-24T18:12,50843.20,45878.43,0.000,0.000,0.000,0.0,14.3,26.6,175,20.82,0.242
2024-08-25,3,77.2,60.4,69.7,75.1,57.6,66.7,2024-08-25T04:06,2024-08-25T18:10,50608.90,25871.75,0.000,0.000,0.000,0.0,16.2,28.9,270,12.79,0.149
2024-08-26,3,77.0,59.3,68.5,73.2,57.6,66.2,2024-08-26T04:08,2024-08-26T18:07,50373.31,39640.68,0.000,0.000,0.000,0.0,6.3,15.2,161,15.29,0.140
2024-08-27,0,80.2,55.1,68.7,77.9,53.7,66.7,2024-08-27T04:09,2024-08-27T18:05,50136.60,45359.66,0.000,0.000,0.000,0.0,8.6,18.6,119,20.58,0.183
2024-08-28,0,86.5,61.4,74.6,85.7,58.0,73.5,2024-08-28T04:11,2024-08-28T18:03,49898.93,44888.80,0.000,0.000,0.000,0.0,11.9,23.9,112,19.98,0.207
2024-08-29,3,93.5,69.2,81.5,93.0,73.4,83.1,2024-08-29T04:13,2024-08-29T18:01,49660.45,44253.82,0.000,0.000,0.000,0.0,7.6,15.0,181,20.14,0.192
2024-08-30,61,82.4,61.9,72.7,82.8,59.4,72.8,2024-08-30T04:14,2024-08-30T17:58,49421.33,36911.65,0.094,0.094,0.000,5.0,11.7,22.4,344,15.72,0.152
2024-08-31,3,74.5,59.5,66.3,72.7,56.5,64.3,2024-08-31T04:16,2024-08-31T17:56,49181.71,38134.95,0.000,0.000,0.000,0.0,11.1,19.0,40,17.06,0.146
2024-09-01,53,76.6,56.7,66.5,73.5,53.9,63.6,2024-09-01T04:18,2024-09-01T17:54,48941.76,42668.80,0.031,0.031,0.000,1.0,9.9,21.3,76,18.01,0.164
2024-09-02,3,79.4,54.8,68.4,77.3,51.6,66.4,2024-09-02T04:19,2024-09-02T17:51,48701.61,43314.89,0.000,0.000,0.000,0.0,8.8,18.8,81,19.41,0.172
2024-09-03,51,90.6,64.6,76.8,91.7,65.3,77.9,2024-09-03T04:21,2024-09-03T17:49,48461.41,43318.05,0.004,0.004,0.000,1.0,10.3,20.4,116,18.36,0.182
2024-09-04,1,92.7,68.0,80.3,87.6,69.7,77.6,2024-09-04T04:23,2024-09-04T17:47,48221.29,43389.95,0.000,0.000,0.000,0.0,14.5,27.7,108,18.20,0.259
2024-09-05,0,87.5,70.7,78.4,80.6,65.9,72.8,2024-09-05T04:24,2024-09-05T17:44,47981.39,43311.19,0.000,0.000,0.000,0.0,19.7,36.7,88,18.84,0.295
2024-09-06,1,84.4,68.0,75.6,79.1,61.6,70.6,2024-09-06T04:26,2024-09-06T17:42,47741.85,43249.11,0.000,0.000,0.000,0.0,15.2,28.9,93,18.36,0.251
2024-09-07,3,87.6,62.3,75.8,85.6,60.5,74.1,2024-09-07T04:28,2024-09-07T17:40,47502.81,43133.57,0.000,0.000,0.000,0.0,10.4,20.6,117,17.80,0.206
2024-09-08,3,88.7,69.0,78.7,87.7,68.2,77.8,2024-09-08T04:29,2024-09-08T17:37,47264.39,43036.78,0.000,0.000,0.000,0.0,10.8,21.0,128,16.94,0.205
2024-09-09,61,74.7,59.9,65.2,74.6,59.3,64.4,2024-09-09T04:31,2024-09-09T17:35,47026.43,9282.19,0.295,0.295,0.000,12.0,17.9,30.9,279,4.76,0.049
2024-09-10,51,66.2,57.6,61.9,60.2,55.9,57.9,2024-09-10T04:33,2024-09-10T17:33,46787.33,24899.66,0.004,0.004,0.000,1.0,14.1,25.5,248,10.14,0.107
2024-09-11,51,62.6,51.9,58.4,56.6,49.3,53.8,2024-09-11T04:34,2024-09-11T17:30,46546.93,5746.95,0.020,0.020,0.000,3.0,16.8,30.9,221,6.20,0.076
2024-09-12,51,59.9,47.8,53.5,55.4,43.4,49.6,2024-09-12T04:36,2024-09-12T17:28,46305.39,34422.26,0.008,0.008,0.000,2.0,7.9,17.0,270,13.50,0.087
2024-09-13,61,59.1,48.4,52.9,52.5,44.6,47.8,2024-09-13T04:38,2024-09-13T17:26,46062.86,0.00,0.291,0.291,0.000,12.0,14.5,25.1,343,4.50,0.052
2024-09-14,51,63.5,51.6,56.7,54.0,44.4,48.5,2024-09-14T04:39,2024-09-14T17:23,45819.46,37699.24,0.024,0.024,0.000,2.0,19.2,34.9,340,12.71,0.128
2024-09-15,51,64.6,48.7,56.9,57.2,42.1,50.2,2024-09-15T04:41,2024-09-15T17:21,45575.37,28497.02,0.004,0.004,0.000,1.0,16.1,30.0,345,12.93,0.115
2024-09-16,61,66.1,54.7,59.7,63.2,49.3,56.0,2024-09-16T04:43,2024-09-16T17:18,45330.69,3605.41,0.252,0.252,0.000,9.0,15.7,30.2,359,4.94,0.047
2024-09-17,1,76.5,57.3,65.4,74.7,54.7,63.8,2024-09-17T04:44,2024-09-17T17:16,45085.58,41130.96,0.000,0.000,0.000,0.0,12.1,22.1,29,15.88,0.120
2024-09-18,3,77.6,56.9,66.3,76.5,55.4,65.3,2024-09-18T04:46,2024-09-18T17:14,44840.18,39007.46,0.000,0.000,0.000,0.0,10.8,18.3,46,15.60,0.125
2024-09-19,51,74.7,58.3,65.2,71.0,56.7,62.5,2024-09-19T04:48,2024-09-19T17:11,44594.61,37040.67,0.004,0.004,0.000,1.0,13.7,25.1,72,13.36,0.126
2024-09-20,0,73.1,56.2,63.1,66.0,51.4,57.9,2024-09-20T04:49,2024-09-20T17:09,44349.02,40394.69,0.000,0.000,0.000,0.0,13.6,25.5,89,16.03,0.156
2024-09-21,0,73.2,51.7,61.6,68.3,46.9,57.4,2024-09-21T04:51,2024-09-21T17:06,44103.53,40148.35,0.000,0.000,0.000,0.0,9.7,19.7,102,15.76,0.135
2024-09-22,2,75.1,51.5,62.0,71.3,48.8,59.5,2024-09-22T04:53,2024-09-22T17:04,43858.28,39901.77,0.000,0.000,0.000,0.0,8.9,18.1,111,15.09,0.115
2024-09-23,3,75.7,49.0,62.8,74.8,46.5,61.9,2024-09-23T04:54,2024-09-23T17:02,43613.40,36296.04,0.000,0.000,0.000,0.0,6.6,11.0,132,14.20,0.103
2024-09-24,63,63.8,53.4,58.3,62.6,51.4,56.7,2024-09-24T04:56,2024-09-24T16:59,43369.03,10994.10,0.457,0.457,0.000,7.0,13.3,23.7,212,4.67,0.033
2024-09-25,61,66.5,55.3,59.2,63.3,51.1,56.3,2024-09-25T04:58,2024-09-25T16:57,43125.29,17344.07,0.106,0.106,0.000,6.0,12.5,28.9,211,7.57,0.060
2024-09-26,61,67.0,56.9,61.9,64.2,53.5,58.0,2024-09-26T05:00,2024-09-26T16:54,42882.34,2443.23,0.209,0.209,0.000,9.0,17.2,29.8,193,4.14,0.062
2024-09-27,51,66.9,56.0,60.8,58.5,45.9,53.4,2024-09-27T05:01,2024-09-27T16:52,42640.29,34780.99,0.028,0.028,0.000,3.0,20.1,34.7,223,12.04,0.132
2024-09-28,51,59.5,46.4,53.8,51.7,39.7,46.6,2024-09-28T05:03,2024-09-28T16:50,42399.28,36485.89,0.012,0.012,0.000,3.0,22.4,38.3,270,11.85,0.096
2024-09-29,3,57.7,42.6,49.3,52.8,37.2,44.2,2024-09-29T05:05,2024-09-29T16:47,42159.15,36501.15,0.000,0.000,0.000,0.0,9.6,18.8,294,11.52,0.069
2024-09-30,3,59.2,43.1,50.8,49.7,37.1,42.9,2024-09-30T05:06,2024-09-30T16:45,41918.20,36250.35,0.000,0.000,0.000,0.0,17.7,32.0,116,11.07,0.097
2024-10-01,63,55.9,47.1,50.6,52.4,38.9,44.7,2024-10-01T05:08,2024-10-01T16:43,41676.26,0.00,0.508,0.508,0.000,14.0,15.1,26.4,110,4.30,0.041
2024-10-02,55,51.8,47.0,49.5,47.3,42.0,45.1,2024-10-02T05:10,2024-10-02T16:40,41433.48,5374.22,0.197,0.197,0.000,14.0,12.2,21.7,41,4.68,0.029
2024-10-03,61,57.4,49.2,52.0,51.7,44.6,47.2,2024-10-03T05:11,2024-10-03T16:38,41190.03,20905.13,0.173,0.173,0.000,9.0,14.1,26.4,354,7.30,0.045
2024-10-04,51,58.1,47.0,52.4,53.1,42.3,47.3,2024-10-04T05:13,2024-10-04T16:36,40946.04,34696.49,0.031,0.031,0.000,4.0,13.8,25.1,18,9.42,0.059
2024-10-05,51,58.0,46.4,51.7,52.6,41.8,48.0,2024-10-05T05:15,2024-10-05T16:33,40701.68,27522.97,0.004,0.004,0.000,1.0,9.2,17.9,42,8.69,0.055
2024-10-06,3,54.7,41.8,48.7,49.9,37.8,44.7,2024-10-06T05:17,2024-10-06T16:31,40457.08,16810.61,0.000,0.000,0.000,0.0,7.8,15.4,120,6.70,0.044
2024-10-07,51,60.8,43.8,52.2,60.0,37.9,49.1,2024-10-07T05:18,2024-10-07T16:29,40212.41,21661.74,0.004,0.004,0.000,1.0,9.4,17.7,151,6.25,0.039
2024-10-08,63,69.7,51.8,59.8,72.5,49.3,59.3,2024-10-08T05:20,2024-10-08T16:26,39967.82,25259.72,0.339,0.339,0.000,8.0,9.6,16.8,144,9.42,0.058
2024-10-09,61,66.8,56.0,61.2,63.7,54.4,58.6,2024-10-09T05:22,2024-10-09T16:24,39723.47,25200.00,0.213,0.213,0.000,10.0,13.3,26.6,189,9.02,0.076
2024-10-10,53,65.5,47.9,58.9,59.1,42.3,53.1,2024-10-10T05:24,2024-10-10T16:22,39479.53,18835.83,0.106,0.106,0.000,12.0,23.3,43.4,232,6.56,0.077
2024-10-11,51,54.7,40.9,47.8,48.7,36.0,42.4,2024-10-11T05:25,2024-10-11T16:19,39236.14,31532.66,0.008,0.008,0.000,2.0,10.6,20.6,270,9.85,0.057
2024-10-12,3,55.9,36.6,47.8,48.4,32.0,41.6,2024-10-12T05:27,2024-10-12T16:17,38993.48,25242.12,0.000,0.000,0.000,0.0,13.6,25.3,150,9.68,0.074
2024-10-13,55,53.3,47.7,50.5,45.4,38.0,41.5,2024-10-13T05:29,2024-10-13T16:15,38751.71,31248.37,0.146,0.146,0.000,11.0,22.5,40.7,258,8.17,0.068
2024-10-14,51,53.3,43.8,48.5,47.9,36.4,42.7,2024-10-14T05:31,2024-10-14T16:13,38511.00,16659.12,0.024,0.024,0.000,3.0,15.1,26.6,268,6.35,0.048
2024-10-15,3,53.6,40.9,46.3,50.5,35.3,42.1,2024-10-15T05:32,2024-10-15T16:10,38271.54,30968.01,0.000,0.000,0.000,0.0,9.0,14.8,33,9.67,0.049
2024-10-16,3,56.8,40.8,48.5,48.6,33.5,40.6,2024-10-16T05:34,2024-10-16T16:08,38033.49,33892.84,0.000,0.000,0.000,0.0,16.3,28.6,114,10.49,0.068
2024-10-17,3,61.1,46.9,53.6,55.3,39.2,47.5,2024-10-17T05:36,2024-10-17T16:06,37797.05,31749.47,0.000,0.000,0.000,0.0,14.1,28.0,134,9.31,0.074
2024-10-18,3,63.6,48.7,55.0,59.7,44.9,51.1,2024-10-18T05:38,2024-10-18T16:04,37562.39,33064.66,0.000,0.000,0.000,0.0,11.5,21.7,128,9.29,0.062
2024-10-19,3,65.6,50.2,56.9,63.9,45.6,53.7,2024-10-19T05:40,2024-10-19T16:02,37329.37,26225.65,0.000,0.000,0.000,0.0,12.0,22.4,164,7.41,0.055
2024-10-20,3,61.9,51.3,55.7,58.6,48.9,52.7,2024-10-20T05:41,2024-10-20T16:00,37096.05,23983.43,0.000,0.000,0.000,0.0,10.0,16.8,159,7.07,0.050
